State,City,Paper Name,Website Url,County,Has PDF Edition?,PDF-Only?,Paywall?,Free Public Notices?,Mobile Responsive?,Chain Owner,CMS Vendor,Audit Sources,Audit Notes
MN,Ada,Ada - Norman County Index,,Norman,Manual Review,Manual Review,Manual Review,Manual Review,Manual Review,Manual Review,Manual Review,,
MN,Adrian,Adrian - Nobles County Review,https://www.noblescountyreview.net,Nobles,Yes,No,No,Yes,Yes,Manual Review,WordPress,Homepage,"Homepage contains e-edition style link(s): http://eedition.noblescountyreview.net/skin/entrymap/entrymap.asp | No paywall signals found | Homepage contains public notice keywords | Viewport meta tag present | Detected CMS indicators (WordPress): wp-content, wp-includes, wordpress, wp-json"
MN,Sauk Centre,Albany / Melrose - The Star Post,https://www.star-pub.com,Stearns,Manual Review,Manual Review,No,No,Manual Review,Manual Review,Manual Review,None,No paywall signals found | No notices found | No homepage HTML available | No homepage HTML available | No homepage HTML available | Homepage fetch returned HTTP 403
MN,Albert Lea,Albert Lea Tribune,https://www.albertleatribune.com,Freeborn,Yes,No,Yes,Yes,Yes,Manual Review,WordPress,Homepage+RSS+Sitemap,"Homepage contains e-edition style link(s): https://digital.albertleatribune.com | RSS present (indicates article content) | Homepage contains paywall keywords | Homepage contains public notice keywords | Viewport meta tag present | Detected CMS indicators (WordPress): wp-content, wp-includes, wordpress, wp-json"
MN,Alexandria,Alexandria Echo Press,https://www.echopress.com,Douglas,Yes,No,Yes,Yes,Yes,Manual Review,Manual Review,Homepage+RSS+Sitemap,"Homepage contains e-edition style link(s): javascript:clickEpaper() | RSS present (indicates article content) | Homepage contains paywall keywords | Homepage contains public notice keywords | Viewport meta tag present | Homepage snapshot truncated to 500,000 characters"
MN,Annandale,Annandale Advocate,https://www.annandaleadvocate.com,Wright,Yes,No,Yes,Yes,Yes,Manual Review,WordPress,Homepage+RSS+Sitemap,"Found 11 PDF links on homepage | RSS present (indicates article content) | Homepage contains paywall keywords | Homepage contains public notice keywords | Viewport meta tag present | Detected CMS indicators (WordPress): wp-content, wp-includes, wp-json"
MN,Aitkin,Aitkin Independent Age,https://www.aitkinage.com,Aitkin,Yes,No,Yes,Yes,Yes,Manual Review,TownNews/BLOX,Homepage+RSS+Sitemap,"Homepage contains e-edition style link(s): /site/e-edition_how-to_aitkin.html, https://aitkinindependent-mn.newsmemory.com/, https://aitkinindependent-mn.newsmemory.com/?editionStart=Aitkin+Independent | RSS present (indicates article content) | Homepage contains paywall keywords | Homepage contains public notice keywords | Viewport meta tag present | Detected CMS indicators (TownNews/BLOX): tncms, bloximages, townnews | Homepage snapshot truncated to 500,000 characters"
MN,Coon Rapids,Anoka County Union Herald,https://www.hometownsource.com,Anoka,No,No,Yes,Yes,Yes,Manual Review,TownNews/BLOX,Homepage+RSS+Sitemap,"RSS present (indicates article content) | Homepage contains paywall keywords | Homepage contains public notice keywords | Viewport meta tag present | Detected CMS indicators (TownNews/BLOX): tncms, bloximages, townnews | Homepage snapshot truncated to 500,000 characters"
MN,Apple Valley,Apple Valley - Sun Thisweek,https://www.sunthisweek.com,Dakota,Yes,No,Yes,Yes,Yes,Manual Review,TownNews/BLOX,Homepage+RSS,"Homepage contains e-edition style link(s): https://sunthisweek-mn.newsmemory.com/, https://sunthisweek-mn.newsmemory.com/?editionStart=Sun+This+Week+Lakeville, https://sunthisweekburnsville-mn.newsmemory.com/?editionStart=Sun+This+Week+Burnsville | RSS present (indicates article content) | Homepage contains paywall keywords | Homepage contains public notice keywords | Viewport meta tag present | Detected CMS indicators (TownNews/BLOX): tncms, bloximages, townnews"
MN,Grove City,Atwater - Atwater-Cosmos-Grove City Tribune,https://www.acgctribune.com,Meeker,Manual Review,Manual Review,No,No,Manual Review,Manual Review,Manual Review,None,"No paywall signals found | No notices found | No homepage HTML available | No homepage HTML available | No homepage HTML available | Homepage fetch failed: HTTPSConnectionPool(host='www.acgctribune.com', port=443): Max retries exceeded with url: / (Caused by NameResolutionError(""<urllib3.connection.HTTPSConnection object at 0x106823390>: Failed to resolve 'www.acgctribune.com' ([Errno 8] nodename nor servname provided, or not known)""))"
MN,Austin,Austin Daily Herald,https://www.austindailyherald.com,Mower,Yes,No,Yes,Yes,Yes,Manual Review,WordPress,Homepage+RSS+Sitemap,"Homepage contains e-edition style link(s): https://digital.austindailyherald.com/ | RSS present (indicates article content) | Homepage contains paywall keywords | Homepage contains public notice keywords | Viewport meta tag present | Detected CMS indicators (WordPress): wp-content, wp-includes, wordpress, wp-json"
MN,Babbitt,Babbitt - The Weekly Wave,,St. Louis,Manual Review,Manual Review,Manual Review,Manual Review,Manual Review,Manual Review,Manual Review,,
MN,Barnesville,Barnesville Record-Review,https://www.barnesvillemn.com,Clay,No,No,Yes,No,Yes,Manual Review,WordPress,Homepage+RSS+Sitemap,"RSS present (indicates article content) | Homepage contains paywall keywords | No notices found | Viewport meta tag present | Detected CMS indicators (WordPress): wp-content, wp-includes, wordpress, wp-json"
MN,Battle Lake,Battle Lake Review,https://www.fergusfallsjournal.com/battlelakereview,Otter Tail,Manual Review,Manual Review,No,No,Manual Review,Manual Review,Manual Review,None,No paywall signals found | No notices found | No homepage HTML available | No homepage HTML available | No homepage HTML available | Homepage fetch returned HTTP 404
MN,Becker,Big Lake - The Sherburne County Citizen,https://www.mysherburnecountynews.com,Sherburne,Manual Review,Manual Review,No,No,Manual Review,Manual Review,Manual Review,None,"No paywall signals found | No notices found | No homepage HTML available | No homepage HTML available | No homepage HTML available | Homepage fetch failed: HTTPSConnectionPool(host='www.mysherburnecountynews.com', port=443): Max retries exceeded with url: / (Caused by NameResolutionError(""<urllib3.connection.HTTPSConnection object at 0x106822c10>: Failed to resolve 'www.mysherburnecountynews.com' ([Errno 8] nodename nor servname provided, or not known)""))"
MN,Gilbert,Biwabik - The Journal,,St. Louis,Manual Review,Manual Review,Manual Review,Manual Review,Manual Review,Manual Review,Manual Review,,
MN,Blooming Prairie,Blooming Prairie - The Southern Star,https://www.bloomingprairieonline.com,Steele,Manual Review,Manual Review,No,No,Manual Review,Manual Review,Manual Review,None,"No paywall signals found | No notices found | No homepage HTML available | No homepage HTML available | No homepage HTML available | Homepage fetch failed: HTTPSConnectionPool(host='www.bloomingprairieonline.com', port=443): Max retries exceeded with url: / (Caused by SSLError(SSLCertVerificationError(1, '[SSL: CERTIFICATE_VERIFY_FAILED] certificate verify failed: self-signed certificate (_ssl.c:1032)')))"
MN,Eden Prairie,Bloomington - Sun Current,https://www.hometownsource.com,Hennepin,No,No,Yes,Yes,Yes,Manual Review,TownNews/BLOX,Homepage+RSS+Sitemap,"RSS present (indicates article content) | Homepage contains paywall keywords | Homepage contains public notice keywords | Viewport meta tag present | Detected CMS indicators (TownNews/BLOX): tncms, bloximages, townnews | Homepage snapshot truncated to 500,000 characters"
MN,Blue Earth,Blue Earth Area - The Faribault County Register,https://www.faribaultcountyregister.com,Faribault,No,No,Yes,Yes,Yes,Ogden,WordPress,Homepage+Heuristic:Ogden,"Chain heuristic: Ogden, not PDF-only | Chain heuristic: Ogden, default Paywall=Yes | Homepage contains public notice keywords | Viewport meta tag present | Detected chain indicators (Ogden): ogden newspapers | Detected CMS indicators (WordPress): wp-content, wp-includes, wordpress, wp-json"
MN,Brainerd,Brainerd - The Brainerd Dispatch,https://www.brainerddispatch.com,Crow Wing,Yes,No,Yes,Yes,Yes,Manual Review,Manual Review,Homepage+RSS+Sitemap,"Homepage contains e-edition style link(s): https://epaper.echolandshopper.com/html5/reader/production/default.aspx?pubname=&pubid=6c2f2f28-3d40-447d-9f91-6ec5bfc639a6, javascript:clickEpaper() | RSS present (indicates article content) | Homepage contains paywall keywords | Homepage contains public notice keywords | Viewport meta tag present | Homepage snapshot truncated to 500,000 characters"
MN,Eden Prairie,Brooklyn Center / Brooklyn Park Sun Post,https://www.hometownsource.com,Hennepin,No,No,Yes,Yes,Yes,Manual Review,TownNews/BLOX,Homepage+RSS+Sitemap,"RSS present (indicates article content) | Homepage contains paywall keywords | Homepage contains public notice keywords | Viewport meta tag present | Detected CMS indicators (TownNews/BLOX): tncms, bloximages, townnews | Homepage snapshot truncated to 500,000 characters"
MN,Apple Valley,Burnsville / Eagan - Sun Thisweek,https://www.sunthisweek.com,Dakota,Yes,No,Yes,Yes,Yes,Manual Review,TownNews/BLOX,Homepage+RSS,"Homepage contains e-edition style link(s): https://sunthisweek-mn.newsmemory.com/, https://sunthisweek-mn.newsmemory.com/?editionStart=Sun+This+Week+Lakeville, https://sunthisweekburnsville-mn.newsmemory.com/?editionStart=Sun+This+Week+Burnsville | RSS present (indicates article content) | Homepage contains paywall keywords | Homepage contains public notice keywords | Viewport meta tag present | Detected CMS indicators (TownNews/BLOX): tncms, bloximages, townnews"
MN,Caledonia,Caledonia - The Argus,https://www.caledoniacourier.com,Houston,Yes,No,Yes,Yes,Yes,Manual Review,Manual Review,Homepage+RSS,Homepage contains e-edition style link(s): /e-editions | RSS present (indicates article content) | Homepage contains paywall keywords | Homepage contains public notice keywords | Viewport meta tag present
MN,Cloquet,Carlton - Pine Journal,https://www.pinejournal.com,Carlton,Yes,No,Yes,Yes,Yes,Manual Review,Manual Review,Homepage+RSS+Sitemap,"Homepage contains e-edition style link(s): javascript:clickEpaper() | RSS present (indicates article content) | Homepage contains paywall keywords | Homepage contains public notice keywords | Viewport meta tag present | Homepage snapshot truncated to 500,000 characters"
MN,Cambridge,Cambridge / North Branch - County News Review,https://www.countynewsreview.com,Isanti,Yes,No,Yes,Yes,Yes,Manual Review,TownNews/BLOX,Homepage+RSS,"Homepage contains e-edition style link(s): https://countynewsreview-mn.newsmemory.com/, https://countynewsreview-mn.newsmemory.com/?editionStart=County+News+Review, https://www.hometownsource.com/site/e-edition_how-to_county_new_review.html | RSS present (indicates article content) | Homepage contains paywall keywords | Homepage contains public notice keywords | Viewport meta tag present | Detected CMS indicators (TownNews/BLOX): tncms, bloximages, townnews | Homepage snapshot truncated to 500,000 characters"
MN,Chaska,Chaska - Chaska Herald,https://www.swnewsmedia.com,Carver,Yes,No,Yes,Yes,Yes,Manual Review,TownNews/BLOX,Homepage+RSS+Sitemap,"Homepage contains e-edition style link(s): /eedition/ | RSS present (indicates article content) | Homepage contains paywall keywords | Homepage contains public notice keywords | Viewport meta tag present | Detected CMS indicators (TownNews/BLOX): tncms, bloximages, townnews"
MN,Chanhassen,Chanhassen Villager,https://www.swnewsmedia.com,Carver,Yes,No,Yes,Yes,Yes,Manual Review,TownNews/BLOX,Homepage+RSS+Sitemap,"Homepage contains e-edition style link(s): /eedition/ | RSS present (indicates article content) | Homepage contains paywall keywords | Homepage contains public notice keywords | Viewport meta tag present | Detected CMS indicators (TownNews/BLOX): tncms, bloximages, townnews"
MN,Lindstrom,Chisago County Press,https://www.presspubs.com/chisago-county-press,Chisago,Manual Review,Manual Review,No,No,Manual Review,Manual Review,Manual Review,None,No paywall signals found | No notices found | No homepage HTML available | No homepage HTML available | No homepage HTML available | Homepage fetch returned HTTP 404
MN,Cloquet,Cloquet - The Pine Knot,https://www.pineknotnews.com,Carlton,No,No,Yes,Yes,Yes,Manual Review,Manual Review,Homepage+RSS+Sitemap,RSS present (indicates article content) | Homepage contains paywall keywords | Homepage contains public notice keywords | Viewport meta tag present
MN,Crosby,"Crosby - Ironton Courier, Inc. ",https://www.crosbyirontoncourer.com,Crow Wing,Manual Review,Manual Review,No,No,Manual Review,Manual Review,Manual Review,None,"No paywall signals found | No notices found | No homepage HTML available | No homepage HTML available | No homepage HTML available | Homepage fetch failed: HTTPSConnectionPool(host='www.crosbyirontoncourer.com', port=443): Max retries exceeded with url: / (Caused by NameResolutionError(""<urllib3.connection.HTTPSConnection object at 0x106f665d0>: Failed to resolve 'www.crosbyirontoncourer.com' ([Errno 8] nodename nor servname provided, or not known)""))"
MN,Litchfield,Dassel - The Enterprise Dispatch,https://www.saukherald.com,Meeker,Manual Review,Manual Review,No,No,Manual Review,Manual Review,Manual Review,None,No paywall signals found | No notices found | No homepage HTML available | No homepage HTML available | No homepage HTML available | Homepage fetch returned HTTP 403
MN,Detroit Lakes,Detroit Lakes Tribune,https://www.dl-online.com,Becker,Yes,No,Yes,Yes,Yes,Manual Review,Manual Review,Homepage+RSS+Sitemap,"Homepage contains e-edition style link(s): javascript:clickEpaper() | RSS present (indicates article content) | Homepage contains paywall keywords | Homepage contains public notice keywords | Viewport meta tag present | Homepage snapshot truncated to 500,000 characters"
MN,Duluth,Duluth News Tribune,https://www.duluthnewstribune.com,St. Louis,Yes,No,Yes,Yes,Yes,Manual Review,Arc XP,Homepage+RSS+Sitemap,"Homepage contains e-edition style link(s): javascript:clickEpaper() | RSS present (indicates article content) | Homepage contains paywall keywords | Homepage contains public notice keywords | Viewport meta tag present | Detected CMS indicators (Arc XP): thearc | Homepage snapshot truncated to 500,000 characters"
MN,Apple Valley,Eagan - Sun Thisweek,https://www.sunthisweek.com,Dakota,Yes,No,Yes,Yes,Yes,Manual Review,TownNews/BLOX,Homepage+RSS,"Homepage contains e-edition style link(s): https://sunthisweek-mn.newsmemory.com/, https://sunthisweek-mn.newsmemory.com/?editionStart=Sun+This+Week+Lakeville, https://sunthisweekburnsville-mn.newsmemory.com/?editionStart=Sun+This+Week+Burnsville | RSS present (indicates article content) | Homepage contains paywall keywords | Homepage contains public notice keywords | Viewport meta tag present | Detected CMS indicators (TownNews/BLOX): tncms, bloximages, townnews"
MN,Eden Prairie,Eden Prairie - Sun Current,https://www.hometownsource.com,Hennepin,No,No,Yes,Yes,Yes,Manual Review,TownNews/BLOX,Homepage+RSS+Sitemap,"RSS present (indicates article content) | Homepage contains paywall keywords | Homepage contains public notice keywords | Viewport meta tag present | Detected CMS indicators (TownNews/BLOX): tncms, bloximages, townnews | Homepage snapshot truncated to 500,000 characters"
MN,Elbow Lake,Elbow Lake - Grant County Herald,https://www.grantcountyherald.com,Grant,Yes,No,Yes,Yes,Yes,Manual Review,WordPress,Homepage+RSS+Sitemap,"Found 2 PDF links on homepage | RSS present (indicates article content) | RSS feed contains paywall hints | Homepage contains public notice keywords | Viewport meta tag present | Detected CMS indicators (WordPress): wp-content, wp-includes, wordpress, wp-json"
MN,Elk River,Elk River Star News,https://www.swnewsmedia.com,Sherburne,Yes,No,Yes,Yes,Yes,Manual Review,TownNews/BLOX,Homepage+RSS+Sitemap,"Homepage contains e-edition style link(s): /eedition/ | RSS present (indicates article content) | Homepage contains paywall keywords | Homepage contains public notice keywords | Viewport meta tag present | Detected CMS indicators (TownNews/BLOX): tncms, bloximages, townnews"
MN,Ely,Ely Echo,https://www.elyecho.com,St. Louis,Yes,No,Yes,Yes,Yes,Manual Review,Manual Review,Homepage+RSS+Sitemap,Homepage contains e-edition style link(s): https://publisher.etype.services/ely-echo | RSS present (indicates article content) | Homepage contains paywall keywords | Homepage contains public notice keywords | Viewport meta tag present
MN,Cook,Ely Timberjay,https://www.timberjay.com,St. Louis,Manual Review,Manual Review,No,No,Manual Review,Manual Review,Manual Review,None,No paywall signals found | No notices found | No homepage HTML available | No homepage HTML available | No homepage HTML available | Homepage fetch returned HTTP 403
MN,Faribault,Faribault Daily News,https://www.southernminn.com,Rice,Yes,No,Yes,Yes,Yes,Manual Review,TownNews/BLOX,Homepage+RSS+Sitemap,"Homepage contains e-edition style link(s): /eedition, /eedition/, /eedition/faribault/ | RSS present (indicates article content) | Homepage contains paywall keywords | Homepage contains public notice keywords | Viewport meta tag present | Detected CMS indicators (TownNews/BLOX): tncms, bloximages, townnews | Homepage snapshot truncated to 500,000 characters"
MN,Fergus Falls,Fergus Falls Daily Journal,https://www.fergusfallsjournal.com,Otter Tail,Yes,No,Yes,Yes,Yes,Manual Review,TownNews/BLOX,Homepage+RSS+Sitemap,"Homepage contains e-edition style link(s): /eedition/, https://www.fergusfallsjournal.com/eedition/ | RSS present (indicates article content) | Homepage contains paywall keywords | Homepage contains public notice keywords | Viewport meta tag present | Detected CMS indicators (TownNews/BLOX): tncms, bloximages, townnews"
MN,Shoreview,Fridley - Sun Focus,https://www.presspubs.com/sun-focus,Ramsey,Manual Review,Manual Review,No,No,Manual Review,Manual Review,Manual Review,None,No paywall signals found | No notices found | No homepage HTML available | No homepage HTML available | No homepage HTML available | Homepage fetch returned HTTP 404
MN,Winsted,Glencoe - The McLeod County Chronicle,https://www.glencoenews.com,McLeod,Yes,No,Yes,Yes,Yes,Manual Review,WordPress,Homepage+RSS+Sitemap,"Found 12 PDF links on homepage | RSS present (indicates article content) | Homepage contains paywall keywords | Homepage contains public notice keywords | Viewport meta tag present | Detected CMS indicators (WordPress): wp-content, wp-includes, wordpress, wp-json"
MN,Glenwood,Glenwood / Starbuck - Pope County Tribune,https://www.pctribune.com,Pope,Yes,No,Yes,Yes,Yes,Manual Review,WordPress,Homepage+RSS+Sitemap,"Homepage contains e-edition style link(s): /e-edition/, https://pctribune.com/e-edition/ | RSS present (indicates article content) | Homepage contains paywall keywords | Homepage contains public notice keywords | Viewport meta tag present | Detected CMS indicators (WordPress): wp-content, wp-includes, wordpress, wp-json"
MN,Grand Rapids,Grand Rapids Herald-Review,https://www.grandrapidsmn.com,Itasca,Yes,No,Yes,Yes,Yes,Manual Review,TownNews/BLOX,Homepage+RSS+Sitemap,"Found 3 PDF links on homepage | RSS present (indicates article content) | Homepage contains paywall keywords | Homepage contains public notice keywords | Viewport meta tag present | Detected CMS indicators (TownNews/BLOX): tncms, bloximages, townnews"
MN,Granite Falls,Granite Falls - The Advocate-Tribune,https://www.advocatetribune.com,Yellow Medicine,Manual Review,Manual Review,No,No,Manual Review,Manual Review,Manual Review,None,"No paywall signals found | No notices found | No homepage HTML available | No homepage HTML available | No homepage HTML available | Homepage fetch failed: HTTPSConnectionPool(host='www.advocatetribune.com', port=443): Max retries exceeded with url: / (Caused by NameResolutionError(""<urllib3.connection.HTTPSConnection object at 0x12246ca50>: Failed to resolve 'www.advocatetribune.com' ([Errno 8] nodename nor servname provided, or not known)""))"
MN,Hastings,Hastings Star Gazette,https://www.hastingsstargazette.com,Dakota,No,No,Yes,Yes,Yes,Manual Review,TownNews/BLOX,Homepage+RSS+Sitemap,"RSS present (indicates article content) | Homepage contains paywall keywords | Homepage contains public notice keywords | Viewport meta tag present | Detected CMS indicators (TownNews/BLOX): tncms, bloximages, townnews"
MN,Hector,Hector - The Messenger,https://www.themessenger.com,Renville,Manual Review,Manual Review,No,No,Manual Review,Manual Review,Manual Review,None,"No paywall signals found | No notices found | No homepage HTML available | No homepage HTML available | No homepage HTML available | Homepage fetch failed: ('Connection aborted.', ConnectionResetError(54, 'Connection reset by peer'))"
MN,Henderson,Henderson - Sibley County Herald-Press,https://www.hometownsource.com,Sibley,No,No,Yes,Yes,Yes,Manual Review,TownNews/BLOX,Homepage+RSS+Sitemap,"RSS present (indicates article content) | Homepage contains paywall keywords | Homepage contains public notice keywords | Viewport meta tag present | Detected CMS indicators (TownNews/BLOX): tncms, bloximages, townnews | Homepage snapshot truncated to 500,000 characters"
MN,Hibbing,Hibbing / Virginia - Mesabi Tribune,https://www.mesabitribune.com,St. Louis,Yes,No,Yes,Yes,Yes,Manual Review,TownNews/BLOX,Homepage+RSS+Sitemap,"Homepage contains e-edition style link(s): /eedition, https://mesabitribune-mn.newsmemory.com/, https://mesabitribune-mn.newsmemory.com/?editionStart=Mesabi+Tribune | RSS present (indicates article content) | Homepage contains paywall keywords | Homepage contains public notice keywords | Viewport meta tag present | Detected CMS indicators (TownNews/BLOX): tncms, bloximages, townnews"
MN,Hutchinson,Hutchinson Leader,https://www.hutchinsonleader.com,McLeod,Manual Review,Manual Review,No,No,Manual Review,Manual Review,Manual Review,None,No paywall signals found | No notices found | No homepage HTML available | No homepage HTML available | No homepage HTML available | Homepage fetch returned HTTP 404
MN,Jackson,Jackson County Pilot,https://www.jacksoncountypilot.com,Jackson,Yes,No,Yes,Yes,Yes,Manual Review,WordPress,Homepage+RSS+Sitemap,"Found 1 PDF links on homepage | RSS present (indicates article content) | Homepage contains paywall keywords | Homepage contains public notice keywords | Viewport meta tag present | Detected CMS indicators (WordPress): wp-content, wp-includes, wordpress, wp-json"
MN,Kasson,Kasson - Dodge County Independent,https://www.DodgeCountyIndependent.com,Dodge,No,No,Yes,Yes,Yes,Manual Review,Drupal,Homepage+RSS+Sitemap,"RSS present (indicates article content) | Homepage contains paywall keywords | Homepage contains public notice keywords | Viewport meta tag present | Detected CMS indicators (Drupal): drupal.settings, drupal"
MN,Lake City,Lake City Graphic,https://www.lakecitygraphic.com,Goodhue,Yes,No,Yes,Yes,Yes,Manual Review,Drupal,Homepage+RSS,"Homepage contains e-edition style link(s): /e-edition/ | RSS present (indicates article content) | Homepage contains paywall keywords | Homepage contains public notice keywords | Viewport meta tag present | Detected CMS indicators (Drupal): drupal.settings, drupal"
MN,Lake Crystal,Lake Crystal Tribune,https://www.southernminn.com,Blue Earth,Yes,No,Yes,Yes,Yes,Manual Review,TownNews/BLOX,Homepage+RSS+Sitemap,"Homepage contains e-edition style link(s): /eedition, /eedition/, /eedition/faribault/ | RSS present (indicates article content) | Homepage contains paywall keywords | Homepage contains public notice keywords | Viewport meta tag present | Detected CMS indicators (TownNews/BLOX): tncms, bloximages, townnews | Homepage snapshot truncated to 500,000 characters"
MN,Lakefield,Lakefield Standard,https://www.lakefieldstandard.com,Jackson,Yes,No,Yes,Yes,Yes,Manual Review,WordPress,Homepage+RSS+Sitemap,"Found 1 PDF links on homepage | RSS present (indicates article content) | Homepage contains paywall keywords | Homepage contains public notice keywords | Viewport meta tag present | Detected CMS indicators (WordPress): wp-content, wp-includes, wordpress, wp-json"
MN,Litchfield,Litchfield Independent Review,https://www.independent-review.com,Meeker,Manual Review,Manual Review,No,No,Manual Review,Manual Review,Manual Review,None,No paywall signals found | No notices found | No homepage HTML available | No homepage HTML available | No homepage HTML available | Homepage fetch returned HTTP 404
MN,Little Falls,Little Falls - Morrison County Record,https://www.mcrecord.com,Morrison,Yes,No,Yes,Yes,Yes,Manual Review,TownNews/BLOX,Homepage+RSS,"Homepage contains e-edition style link(s): https://morrisoncounty-mn.newsmemory.com, https://morrisoncounty-mn.newsmemory.com/ | RSS present (indicates article content) | Homepage contains paywall keywords | Homepage contains public notice keywords | Viewport meta tag present | Detected CMS indicators (TownNews/BLOX): tncms, bloximages, townnews"
MN,Long Prairie,Long Prairie Leader,https://www.es.lpleader.com,Todd,Manual Review,Manual Review,No,No,Manual Review,Manual Review,Manual Review,None,"No paywall signals found | No notices found | No homepage HTML available | No homepage HTML available | No homepage HTML available | Homepage fetch failed: HTTPSConnectionPool(host='www.es.lpleader.com', port=443): Max retries exceeded with url: / (Caused by SSLError(SSLCertVerificationError(1, ""[SSL: CERTIFICATE_VERIFY_FAILED] certificate verify failed: Hostname mismatch, certificate is not valid for 'www.es.lpleader.com'. (_ssl.c:1032)"")))"
MN,Luverne,Luverne - The Rock County Star Herald,https://www.hometownsource.com,Rock,No,No,Yes,Yes,Yes,Manual Review,TownNews/BLOX,Homepage+RSS+Sitemap,"RSS present (indicates article content) | Homepage contains paywall keywords | Homepage contains public notice keywords | Viewport meta tag present | Detected CMS indicators (TownNews/BLOX): tncms, bloximages, townnews | Homepage snapshot truncated to 500,000 characters"
MN,Madelia,Madelia Times-Messenger,https://www.times-messenger.com,Watonwan,Manual Review,Manual Review,No,No,Manual Review,Manual Review,Manual Review,None,"No paywall signals found | No notices found | No homepage HTML available | No homepage HTML available | No homepage HTML available | Homepage fetch failed: HTTPSConnectionPool(host='www.times-messenger.com', port=443): Max retries exceeded with url: / (Caused by NameResolutionError(""<urllib3.connection.HTTPSConnection object at 0x12246c7d0>: Failed to resolve 'www.times-messenger.com' ([Errno 8] nodename nor servname provided, or not known)""))"
MN,Marshall,Marshall Independent,https://www.marshallindependent.com,Lyon,Yes,No,Yes,Yes,Yes,Ogden,WordPress,Homepage+Heuristic:Ogden,"Found 1 PDF links on homepage | Chain heuristic: Ogden, not PDF-only | Chain heuristic: Ogden, default Paywall=Yes | Homepage contains public notice keywords | Viewport meta tag present | Detected chain indicators (Ogden): ogden newspapers, ogdennews | Detected CMS indicators (WordPress): wp-content, wp-includes, wordpress, wp-json"
MN,McGregor,McGregor - The Voyageur Press,https://www.thevoyageurpress.com,Aitkin,Manual Review,Manual Review,No,No,Manual Review,Manual Review,Manual Review,None,"No paywall signals found | No notices found | No homepage HTML available | No homepage HTML available | No homepage HTML available | Homepage fetch failed: ('Connection aborted.', ConnectionResetError(54, 'Connection reset by peer'))"
MN,McIntosh,McIntosh Times,,Polk,Manual Review,Manual Review,Manual Review,Manual Review,Manual Review,Manual Review,Manual Review,,
MN,Monticello,Monticello Times,https://www.monticellotimes.com,Wright,Manual Review,Manual Review,No,No,Manual Review,Manual Review,Manual Review,None,"No paywall signals found | No notices found | No homepage HTML available | No homepage HTML available | No homepage HTML available | Homepage fetch failed: HTTPSConnectionPool(host='www.monticellotimes.com', port=443): Max retries exceeded with url: / (Caused by SSLError(SSLCertVerificationError(1, ""[SSL: CERTIFICATE_VERIFY_FAILED] certificate verify failed: Hostname mismatch, certificate is not valid for 'www.monticellotimes.com'. (_ssl.c:1032)"")))"
MN,Montgomery,Montgomery Messenger,https://www.montgomerymnnews.com,Le Sueur,No,No,No,Yes,Yes,Manual Review,Drupal,Homepage+RSS,"RSS present (indicates article content) | No paywall signals found | Homepage contains public notice keywords | Viewport meta tag present | Detected CMS indicators (Drupal): drupal-settings-json, drupal"
MN,Moorhead,Moorhead - The Extra Newspaper,https://www.thefmextra.com,Clay,Yes,No,Yes,Yes,Yes,Manual Review,WordPress,Homepage+RSS,"Homepage contains e-edition style link(s): https://www.thefmextra.com/e-editions/ | RSS present (indicates article content) | Homepage contains paywall keywords | Homepage contains public notice keywords | Viewport meta tag present | Detected CMS indicators (WordPress): wp-content, wp-includes, wordpress, wp-json"
MN,Shoreview,New Brighton - Bulletin,https://www.presspubs.com/bulletin,Ramsey,Manual Review,Manual Review,No,No,Manual Review,Manual Review,Manual Review,None,No paywall signals found | No notices found | No homepage HTML available | No homepage HTML available | No homepage HTML available | Homepage fetch returned HTTP 404
MN,New Richland,New Richland - NRHEG Star Eagle,https://www.newrichlandstar.com,Waseca,Yes,No,No,Yes,Yes,Manual Review,Manual Review,Homepage+RSS+Sitemap,Found 19 PDF links on homepage | Sitemap shows 0% PDF URLs | RSS present (indicates article content) | No paywall signals found | Homepage contains public notice keywords | Viewport meta tag present
MN,New Ulm,New Ulm Journal,https://www.nujournal.com,Brown,Yes,No,Yes,Yes,Yes,Ogden,WordPress,Homepage+Heuristic:Ogden,"Found 1 PDF links on homepage | Chain heuristic: Ogden, not PDF-only | Chain heuristic: Ogden, default Paywall=Yes | Homepage contains public notice keywords | Viewport meta tag present | Detected chain indicators (Ogden): ogden newspapers, ogdennews | Detected CMS indicators (WordPress): wp-content, wp-includes, wordpress, wp-json"
MN,Olivia,Olivia - Olivia Times Journal,https://www.oliviajournal.com,Renville,No,No,Yes,No,Yes,Gannett,Manual Review,Homepage+RSS+Heuristic:Gannett,"RSS present (indicates article content) | Chain heuristic: Gannett, not PDF-only | Chain heuristic: Gannett, default Paywall=Yes | No notices found | Viewport meta tag present | Detected chain indicators (Gannett): usa today | Homepage snapshot truncated to 500,000 characters"
MN,Owatonna,Owatonna People's Press,https://www.owatonna.com,Steele,Yes,No,Yes,Yes,Yes,Manual Review,TownNews/BLOX,Homepage+RSS+Sitemap,"Homepage contains e-edition style link(s): /eedition/, /eedition/faribault/, /eedition/kenyon/ | RSS present (indicates article content) | Homepage contains paywall keywords | Homepage contains public notice keywords | Viewport meta tag present | Detected CMS indicators (TownNews/BLOX): tncms, bloximages, townnews"
MN,Paynesville,Paynesville Press,https://www.paynesvillepress.com,Stearns,Yes,No,Yes,Yes,No,Manual Review,Manual Review,Homepage,Found 7 PDF links on homepage | Homepage contains paywall keywords | Homepage contains public notice keywords | No responsive indicators
MN,Plainview,Plainview News,https://www.gmdmedia.net,Wabasha,Yes,No,Yes,Yes,Yes,Manual Review,Drupal,Homepage+RSS,"Homepage contains e-edition style link(s): https://www.gmdmedia.net/node/118 | RSS present (indicates article content) | Homepage contains paywall keywords | Homepage contains public notice keywords | Viewport meta tag present | Detected CMS indicators (Drupal): drupal.settings, drupal"
MN,Preston,Preston - Fillmore County Journal,https://www.fillmorecountyjournal.com,Fillmore,No,No,Yes,Yes,Yes,Manual Review,WordPress,Homepage+RSS+Sitemap,"RSS present (indicates article content) | RSS feed contains paywall hints | Homepage contains public notice keywords | Viewport meta tag present | Detected CMS indicators (WordPress): wp-content, wp-includes, wp-json"
MN,Rochester,Rochester - Post Bulletin,https://www.postbulletin.com,Olmsted,Yes,No,Yes,Yes,Yes,Manual Review,Arc XP,Homepage+RSS+Sitemap,"Homepage contains e-edition style link(s): javascript:clickEpaper() | RSS present (indicates article content) | Homepage contains paywall keywords | Homepage contains public notice keywords | Viewport meta tag present | Detected CMS indicators (Arc XP): thearc | Homepage snapshot truncated to 500,000 characters"
MN,Shoreview,Roseville - Review,https://www.presspubs.com/review,Ramsey,Manual Review,Manual Review,No,No,Manual Review,Manual Review,Manual Review,None,No paywall signals found | No notices found | No homepage HTML available | No homepage HTML available | No homepage HTML available | Homepage fetch returned HTTP 404
MN,Slayton,Slayton - Murray County Wheel-Herald,https://www.wheelherald.com,Murray,Yes,No,Yes,Yes,Yes,Manual Review,Drupal,Homepage+RSS,"Homepage contains e-edition style link(s): https://www.wheelherald.com/e-edition/166 | RSS present (indicates article content) | Homepage contains paywall keywords | Homepage contains public notice keywords | Viewport meta tag present | Detected CMS indicators (Drupal): drupal-settings-json, drupal"
MN,St. Charles,St. Charles Press & Lewiston Journal,https://www.gmdmedia.net,Winona,Yes,No,Yes,Yes,Yes,Manual Review,Drupal,Homepage+RSS,"Homepage contains e-edition style link(s): https://www.gmdmedia.net/node/118 | RSS present (indicates article content) | Homepage contains paywall keywords | Homepage contains public notice keywords | Viewport meta tag present | Detected CMS indicators (Drupal): drupal.settings, drupal"
MN,St. Cloud,St. Cloud Live,https://www.stcloudlive.com,Stearns,Yes,No,Yes,Yes,Yes,Manual Review,Manual Review,Homepage+RSS+Sitemap,"Homepage contains e-edition style link(s): https://epaper.stcloudlive.com/, javascript:clickEpaper() | RSS present (indicates article content) | Homepage contains paywall keywords | Homepage contains public notice keywords | Viewport meta tag present"
MN,Two Harbors,Two Harbors - Lake County Press,https://www.lakecountypress.news,Lake,No,No,Yes,Yes,Yes,Manual Review,WordPress,Homepage+RSS,"RSS present (indicates article content) | Homepage contains paywall keywords | Homepage contains public notice keywords | Viewport meta tag present | Detected CMS indicators (WordPress): wp-content, wp-includes, wordpress, wp-json"
MN,Warren,Warren Sheaf,https://www.warrensheaf.com,Marshall,Yes,No,Yes,Yes,Yes,Manual Review,WordPress,Homepage+RSS+Sitemap,"Homepage contains e-edition style link(s): http://2118.newstogo.us/editionviewer/default.aspx?Publication=2c503c14-adc7-4e01-ae32-a22d24b25b7e | RSS present (indicates article content) | Homepage contains paywall keywords | Homepage contains public notice keywords | Viewport meta tag present | Detected CMS indicators (WordPress): wp-content, wp-includes, wp-json"
MN,Willmar,Willmar - West Central Tribune,https://www.wctrib.com,Kandiyohi,Yes,No,Yes,Yes,Yes,Manual Review,Manual Review,Homepage+RSS+Sitemap,"Homepage contains e-edition style link(s): javascript:clickEpaper() | RSS present (indicates article content) | Homepage contains paywall keywords | Homepage contains public notice keywords | Viewport meta tag present | Homepage snapshot truncated to 500,000 characters"
MN,Worthington,Worthington - The Globe,https://www.dglobe.com,Nobles,Yes,No,Yes,Yes,Yes,Manual Review,Manual Review,Homepage+RSS+Sitemap,"Homepage contains e-edition style link(s): javascript:clickEpaper() | RSS present (indicates article content) | Homepage contains paywall keywords | Homepage contains public notice keywords | Viewport meta tag present | Homepage snapshot truncated to 500,000 characters"