Paper ID,Paper Name,City,State,Website URL,Phone,Mailing Address,County,Chain Owner,CMS Platform,CMS Vendor,Has PDF Edition?,PDF-Only?,Paywall?,Free Public Notices?,Mobile Responsive?,Audit Sources,Audit Notes,Latest Audit Timestamp,Extra Data
1359,Bluefield Daily Telegraph,Bluefield,WV,https://www.bdtonline.com,,PO Box 928,Mercer,CNHI (Community Newspaper Holdings Inc.),BLOX Digital,BLOX,Yes,No,Yes,Yes,Yes,Homepage+RSS+Sitemap,"Homepage contains e-edition style link(s): /e-edition, http://prerogativemagazine.cnhi.newsmemory.com/, https://niagara-gazette-cnhi.newsmemory.com/?special=Explore | Homepage contains article-style link(s): https://visitor.r20.constantcontact.com/d.jsp?llr=zzoml49ab&p=oi&m=1128481045305&sit=iq8vgcwlb&f=1b0d492b-7e38-4613-9164-919f39ec6021, https://niagara-gazette-cnhi.newsmemory.com/?special=Explore, /news/ | Homepage contains article-style content | RSS present but contains no entries | Homepage contains paywall keywords | RSS feed contains paywall hints | Homepage contains public notice keywords | RSS feed contains notice keywords | Viewport meta tag present | Detected platform indicators (BLOX Digital): tncms, bloximages, townnews, bloxcms | Detected vendor indicators (BLOX): tncms, bloximages, townnews, bloxcms | Homepage snapshot truncated to 500,000 characters | Overrides applied: chain_owner",2025-12-11T15:57:25.197932,"{""Frequency"": ""Daily""}"
1440,HNG News,Huntington,WV,https://www.hngnews.com/,,,Wayne,Independent,BLOX Digital,BLOX,Yes,No,Yes,Yes,Yes,Homepage+RSS+Sitemap,"Homepage contains e-edition style link(s): /eedition/bridal-2025/edition_a1f77eca-828e-5632-a6ee-e9248a552196.html, /eedition/healthy-lifestyles-february-2025/edition_f294c5f4-9b5a-558e-b5bc-82cb585018e0.html, /eedition/healthy-lifestyles-january-2025/edition_d3e529b4-b59d-519d-83c0-caf8bcf1b9d8.html | Homepage contains article-style link(s): https://cambridgenews-wi.newsmemory.com/, https://www.hngnews.com/newsletters/, https://new.evvnt.com/?with_navbar&force_snap_sell&partner=HNGNEWS&publisher_url:hngnews.com#/quick | Homepage contains article-style content | RSS present but contains no entries | Homepage contains paywall keywords | RSS feed contains paywall hints | Homepage contains public notice keywords | RSS feed contains notice keywords | Viewport meta tag present | Detected platform indicators (BLOX Digital): tncms, bloximages, townnews, bloxcms | Detected vendor indicators (BLOX): tncms, bloximages, townnews, bloxcms",2025-12-11T15:58:59.111259,{}
2025,Legal Newsline / West Virginia Record (legal news network),Charleston,WV,https://www.legalnewsline.com/west-virginia-record/,,,Kanawha,Independent,BLOX Digital,BLOX,No,No,Yes,No,Yes,Homepage+RSS,"Homepage contains article-style link(s): /newsletter/, https://www.facebook.com/pages/Legal-Newsline/299588323424419, http://twitter.com/legalnewsline | Homepage contains article-style content | RSS present but contains no entries | Homepage contains paywall keywords | RSS feed contains paywall hints | No notices found | Viewport meta tag present | Detected platform indicators (BLOX Digital): tncms, bloximages, townnews, bloxcms | Detected vendor indicators (BLOX): tncms, bloximages, townnews, bloxcms",2025-12-11T15:59:07.248636,{}
2044,Star City TV (broadcast network; not newspaper),Morgantown,WV,https://www.starcitytv.com/,,,Monongalia,Independent,BLOX Digital,BLOX,No,No,No,No,Yes,Homepage+RSS+Sitemap,"Homepage contains article-style link(s): /news, /news/local, /news/national | Homepage contains article-style content | RSS present but contains no entries | No paywall signals found | No notices found | Viewport meta tag present | Detected platform indicators (BLOX Digital): tncms, bloximages, townnews, bloxcms | Detected vendor indicators (BLOX): tncms, bloximages, townnews, bloxcms",2025-12-11T16:01:43.137184,{}
2076,West Virginia News (Clarksburg Exponent Telegram group),Clarksburg,WV,https://www.wvtnews.com/,,,Harrison,Independent,BLOX Digital,BLOX,No,No,Yes,No,Yes,Homepage+RSS+Sitemap,"Homepage contains article-style link(s): https://www.wvtnews.com/users/signup/?referer_url=https%3A%2F%2Fwww.wvtnews.com%2F, https://www.wvtnews.com/users/login/?referer_url=https%3A%2F%2Fwww.wvtnews.com%2F, https://www.wvtnews.com/users/admin/ | Homepage contains article-style content | RSS present but contains no entries | Homepage contains paywall keywords | RSS feed contains paywall hints | No notices found | Viewport meta tag present | Detected platform indicators (BLOX Digital): tncms, bloximages, townnews, bloxcms | Detected vendor indicators (BLOX): tncms, bloximages, townnews, bloxcms",2025-12-11T16:08:00.816988,{}
2306,Spencer Times Record,Spencer,WV,https://www.thetimesrecord.net/,,,Roane,Independent,BLOX Digital,BLOX,Yes,No,Yes,Yes,Yes,Homepage,"Homepage contains e-edition style link(s): /eedition/, /newsfeed/us/time-magazine-names-architects-of-ai-as-its-person-of-the-year-for-2025/article_7aaba78f-3182-512c-b867-0b688262e9a1.html, /spencernews/eedition/ | Homepage contains article-style link(s): /newsletters/, /, /bluegoldnews/ | Homepage contains article-style content | Homepage contains paywall keywords | Homepage contains public notice keywords | Viewport meta tag present | Detected platform indicators (BLOX Digital): tncms, bloximages, townnews | Detected vendor indicators (BLOX): tncms, bloximages, townnews | Homepage snapshot truncated to 500,000 characters",2025-12-11T16:01:32.743732,{}
3155,The Oracle and Leader,West Union,WV,https://www.oracleandleader.com/,,,Doddridge,Independent,WordPress,Websites For Newspapers,Yes,No,Yes,No,Yes,Homepage+RSS+Sitemap,"Homepage contains e-edition style link(s): https://2202.newstogo.us/editionviewer/default.aspx?Publication=a82fc50d-794c-4b52-a545-9687c0b08485 | Homepage contains article-style link(s): https://2202.newstogo.us/editionviewer/default.aspx?Publication=a82fc50d-794c-4b52-a545-9687c0b08485, https://2202.newstogo.us/editionviewer/default.aspx?Publication=a82fc50d-794c-4b52-a545-9687c0b08485&view=subscribe, https://2202.newstogo.us/editionviewer/default.aspx?Publication=a82fc50d-794c-4b52-a545-9687c0b08485&view=archives | Homepage contains article-style content | RSS present but contains no entries | Homepage contains paywall keywords | No notices found | Viewport meta tag present | Detected platform indicators (WordPress): wp-content, wp-includes, wp-json | Detected vendor indicators (Websites For Newspapers): websitesfornewspapers",2025-12-11T16:05:14.383743,{}
3211,Ritchie County News,Pennsboro,WV,https://www.ritchiecountynews.com/,,,Ritchie,Independent,WordPress,Websites For Newspapers,Yes,No,Yes,Yes,Yes,Homepage+RSS+Sitemap,"Homepage contains e-edition style link(s): https://2213.newstogo.us/editionviewer/default.aspx?Publication=9d0b36e2-7e68-472a-a5d1-b9aaa741c288 | Homepage contains article-style link(s): https://www.ritchiecountynews.com/contact-us/, https://2213.newstogo.us/editionviewer/default.aspx?Publication=9d0b36e2-7e68-472a-a5d1-b9aaa741c288, https://2213.newstogo.us/editionviewer/default.aspx?Publication=9d0b36e2-7e68-472a-a5d1-b9aaa741c288&view=subscribe | Homepage contains article-style content | RSS present (indicates article content) | Homepage contains paywall keywords | RSS feed contains notice keywords | Viewport meta tag present | Detected platform indicators (WordPress): wp-content, wp-includes, wp-json | Detected vendor indicators (Websites For Newspapers): websitesfornewspapers",2025-12-11T16:00:00.950305,{}
3235,Wirt County Journal,Elizabeth,WV,https://www.wirtjournal.com,,PO Box 309,Wirt,Independent,WordPress,Websites For Newspapers,Yes,Yes,Yes,No,Yes,Homepage+RSS+Sitemap,"Homepage contains e-edition style link(s): https://1821.newstogo.us/editionviewer/default.aspx?Publication=02f8db82-805c-4340-8d86-2940081fb9c4 | Homepage contains article-style link(s): https://1821.newstogo.us/editionviewer/default.aspx?Publication=02f8db82-805c-4340-8d86-2940081fb9c4, https://1821.newstogo.us/editionviewer/default.aspx?Publication=02f8db82-805c-4340-8d86-2940081fb9c4&view=subscribe, https://1821.newstogo.us/editionviewer/default.aspx?Publication=02f8db82-805c-4340-8d86-2940081fb9c4&view=archives | Homepage contains article-style content | RSS present but contains no entries | Homepage contains paywall keywords | No notices found | Viewport meta tag present | Detected platform indicators (WordPress): wp-content, wp-includes, wp-json | Detected vendor indicators (Websites For Newspapers): websitesfornewspapers | Overrides applied: chain_owner, pdf_only",2025-12-11T16:19:18.449658,"{""Frequency"": ""Wednesday""}"
3242,Brooke County Review,Wellsburg,WV,https://brookecountyreview.com/,,,Brooke,Independent,WordPress,Websites For Newspapers,Yes,No,Yes,Yes,Yes,Homepage+RSS+Sitemap,"Homepage contains e-edition style link(s): #, http://1979.newstogo.us/editionviewer/default.aspx?Publication=92041853-6808-4ed6-b7a1-afee094135f6, http://1979.newstogo.us/editionviewer/default.aspx?Publication=92041853-6808-4ed6-b7a1-afee094135f6&view=archives | Homepage contains article-style link(s): https://www.bensoncountynews.com/contact-us/, https://www.bensoncountynews.com/contact-us-lakota-american/, http://1979.newstogo.us/editionviewer/default.aspx?Publication=92041853-6808-4ed6-b7a1-afee094135f6 | Homepage contains article-style content | RSS present (indicates article content) | Homepage contains paywall keywords | Homepage contains public notice keywords | RSS feed contains notice keywords | Viewport meta tag present | Detected platform indicators (WordPress): wp-content, wp-includes, wp-json | Detected vendor indicators (Websites For Newspapers): websitesfornewspapers",2025-12-11T15:58:11.048235,{}
4509,Spirit Of Jefferson,Charles Town,WV,http://www.spiritofjefferson.com/,,,Jefferson,Independent,BLOX Digital,BLOX,Yes,No,Yes,Yes,Yes,Homepage+RSS+Sitemap,"Homepage contains e-edition style link(s): /eedition/edition_50042bd2-7a35-5803-897e-c6a3512c0333.html, https://www.spiritofjefferson.com/eedition/ | Homepage contains article-style link(s): https://www.spiritofjefferson.com/news/local/, https://www.spiritofjefferson.com/news/state/, https://www.spiritofjefferson.com/sports/ | Homepage contains article-style content | RSS present but contains no entries | Homepage contains paywall keywords | RSS feed contains paywall hints | Homepage contains public notice keywords | RSS feed contains notice keywords | Viewport meta tag present | Detected platform indicators (BLOX Digital): tncms, bloximages, townnews, bloxcms | Detected vendor indicators (BLOX): tncms, bloximages, townnews, bloxcms",2025-12-11T16:01:38.048426,{}
4762,The Barbour Democrat,Philippi,WV,https://www.barbourdemocratwv.com,,PO Box 459,Barbour,Independent (Locally owned; family-operated weekly),Manual Review,Manual Review,No,Manual Review,No,No,Manual Review,None,"No paywall signals found | No notices found | No homepage HTML available | No homepage HTML available | No homepage HTML available | Homepage fetch failed: HTTPSConnectionPool(host='www.barbourdemocratwv.com', port=443): Max retries exceeded with url: / (Caused by SSLError(SSLCertVerificationError(1, '[SSL: CERTIFICATE_VERIFY_FAILED] certificate verify failed: unable to get local issuer certificate (_ssl.c:1032)'))) | Overrides applied: chain_owner",2025-12-11T16:02:01.201221,"{""Frequency"": ""Wednesday""}"
4763,Braxton Citizens News,Sutton,WV,https://www.bcn-news.com,,501 Main St.,Braxton,Independent (Braxton Newspapers Inc.),WordPress,Manual Review,Yes,No,Yes,Yes,Yes,Homepage+RSS+Sitemap,"Homepage contains e-edition style link(s): #, https://www.bcn-news.com/braxton-citizens-news-e-edition/, https://www.bcn-news.com/braxton-democrat-e-edition/ | Homepage contains article-style link(s): https://www.bcn-news.com/category/government/, https://www.bcn-news.com/category/schools/, https://www.bcn-news.com/category/opinion/ | Homepage contains article-style content | RSS present (indicates article content) | Homepage contains paywall keywords | RSS feed contains paywall hints | Homepage contains public notice keywords | Viewport meta tag present | Detected platform indicators (WordPress): wp-content, wp-includes, wordpress, wp-json | Overrides applied: chain_owner",2025-12-11T15:57:58.602698,"{""Frequency"": ""Tuesday""}"
4764,Braxton Democrat Central,Sutton,WV,N/A,,PO Box 427,Braxton,Independent (Merged historically with Citizens News; same publisher),Manual Review,Manual Review,No,Manual Review,No,No,Manual Review,None,"No paywall signals found | No notices found | No homepage HTML available | No homepage HTML available | No homepage HTML available | Homepage fetch failed: HTTPSConnectionPool(host='n', port=443): Max retries exceeded with url: /A (Caused by NameResolutionError(""<urllib3.connection.HTTPSConnection object at 0x110c7ead0>: Failed to resolve 'n' ([Errno 8] nodename nor servname provided, or not known)"")) | Overrides applied: chain_owner",2025-12-11T15:58:00.665484,"{""Frequency"": ""Friday""}"
4765,The Brooke County Review,Wellsburg,WV,https://www.brookecountyreview.com,,319 Charles St.,Brooke,Independent (Brooke County Publishing),WordPress,Websites For Newspapers,Yes,No,Yes,Yes,Yes,Homepage+RSS+Sitemap,"Homepage contains e-edition style link(s): #, http://1979.newstogo.us/editionviewer/default.aspx?Publication=92041853-6808-4ed6-b7a1-afee094135f6, http://1979.newstogo.us/editionviewer/default.aspx?Publication=92041853-6808-4ed6-b7a1-afee094135f6&view=archives | Homepage contains article-style link(s): https://www.bensoncountynews.com/contact-us/, https://www.bensoncountynews.com/contact-us-lakota-american/, http://1979.newstogo.us/editionviewer/default.aspx?Publication=92041853-6808-4ed6-b7a1-afee094135f6 | Homepage contains article-style content | RSS present (indicates article content) | Homepage contains paywall keywords | Homepage contains public notice keywords | RSS feed contains notice keywords | Viewport meta tag present | Detected platform indicators (WordPress): wp-content, wp-includes, wp-json | Detected vendor indicators (Websites For Newspapers): websitesfornewspapers | Overrides applied: chain_owner",2025-12-11T16:02:11.343481,"{""Frequency"": ""Friday""}"
4766,Calhoun Chronicle,Grantsville,WV,https://www.calhounchronicle.com,,PO Box 400,Calhoun,Independent (Calhoun Publishing Co.),WordPress,Manual Review,No,No,Yes,Yes,Yes,Homepage+RSS+Sitemap,"Homepage contains article-style link(s): https://mountainmedianews.com, https://calhounchronicle.com/submit-news/ | Homepage contains article-style content | RSS present (indicates article content) | Homepage contains paywall keywords | Homepage contains public notice keywords | RSS feed contains notice keywords | Viewport meta tag present | Detected platform indicators (WordPress): wp-content, wp-includes, wordpress, wp-json | Overrides applied: chain_owner",2025-12-11T15:58:21.509910,"{""Frequency"": ""Thursday""}"
4767,The Charleston Gazette-Mail,Charleston,WV,https://www.wvgazettemail.com,,1001 Virginia St. E,Kanawha,HD Media Group (Charleston Newspapers / Herald-Dispatch ownership),BLOX Digital,BLOX,Yes,No,Yes,Yes,Yes,Homepage+RSS+Sitemap,"Homepage contains e-edition style link(s): /eedition/ | Homepage contains article-style link(s): /multimedia/video_gallery/, /news/, /newscast/ | Homepage contains article-style content | RSS present but contains no entries | Homepage contains paywall keywords | RSS feed contains paywall hints | Homepage contains public notice keywords | RSS feed contains notice keywords | Viewport meta tag present | Detected platform indicators (BLOX Digital): tncms, bloximages, townnews, bloxcms | Detected vendor indicators (BLOX): tncms, bloximages, townnews, bloxcms | Overrides applied: chain_owner",2025-12-11T16:02:16.593464,"{""Frequency"": ""Daily""}"
4768,The Exponent Telegram,Clarksburg,WV,https://www.theet.com,,324 Hewes Ave.,Harrison,WV News (NCWV Media / West Virginia News Company),BLOX Digital,BLOX,Yes,No,Yes,Yes,Yes,Homepage,"Homepage contains e-edition style link(s): /eedition/, /newsfeed/us/time-magazine-names-architects-of-ai-as-its-person-of-the-year-for-2025/article_7aaba78f-3182-512c-b867-0b688262e9a1.html, /theet/eedition | Homepage contains article-style link(s): /newsletters/, /, /bluegoldnews/ | Homepage contains article-style content | Homepage contains paywall keywords | Homepage contains public notice keywords | Viewport meta tag present | Detected platform indicators (BLOX Digital): tncms, bloximages, townnews, bloxcms | Detected vendor indicators (BLOX): tncms, bloximages, townnews, bloxcms | Homepage snapshot truncated to 500,000 characters | Overrides applied: chain_owner",2025-12-11T16:02:59.788182,"{""Frequency"": ""Daily""}"
4769,The Clay County Free Press,Clay,WV,https://www.claycountyfreepress.com,,PO Box 180,Clay,Independent (Clay Communications / local ownership),WordPress,Manual Review,Yes,No,Yes,Yes,Yes,Homepage+RSS+Sitemap,"Homepage contains e-edition style link(s): https://claycountyfreepress.com/category/cc-e-edition/ | Homepage contains article-style link(s): https://mountainmedianews.com, https://mountainmedianews.com/mm/national/, https://mountainmedianews.com/mm/west-virginia/ | Homepage contains article-style content | RSS present (indicates article content) | Homepage contains paywall keywords | Homepage contains public notice keywords | RSS feed contains notice keywords | Viewport meta tag present | Detected platform indicators (WordPress): wp-content, wp-includes, wordpress, wp-json | Overrides applied: chain_owner",2025-12-11T16:02:28.433232,"{""Frequency"": ""Wednesday""}"
4770,Coal Valley News,Madison,WV,https://www.coalvalleynews.com,,PO Box 508,Boone,HD Media Group (Boone Newspapers cluster),BLOX Digital,BLOX,Yes,No,Yes,Yes,Yes,Homepage+RSS+Sitemap,"Homepage contains e-edition style link(s): /eedition/, /eedition/coal-valley-news/edition_b4553da9-cb24-58a5-aa26-6ea4e8e320b9.html | Homepage contains article-style link(s): https://heralddispatch.newzware.com/ss70v2/huntin02/common/template.jsp?nwmodule=sso&init=nonsub&nwpage=sso&rpage=https%3A%2F%2Fwww.coalvalleynews.com%2Ftncms%2Fauth%2Fbegin%2F%3Fprovider%3DNewzware%26return%3Dhttps%253A%252F%252Fwww.coalvalleynews.com%252F, https://www.coalvalleynews.com/users/login/?referer_url=https%3A%2F%2Fwww.coalvalleynews.com%2F, https://www.coalvalleynews.com/users/admin/ | Homepage contains article-style content | RSS present but contains no entries | Homepage contains paywall keywords | RSS feed contains paywall hints | Homepage contains public notice keywords | RSS feed contains notice keywords | Viewport meta tag present | Detected platform indicators (BLOX Digital): tncms, bloximages, townnews, bloxcms | Detected vendor indicators (BLOX): tncms, bloximages, townnews, bloxcms | Overrides applied: chain_owner",2025-12-11T15:58:25.960098,"{""Frequency"": ""Wednesday""}"
4771,Daily Athenaeum,Morgantown,WV,https://www.thedaonline.com,,284 Prospect St,Monongalia,West Virginia University (Student Media; Independent university-owned),BLOX Digital,BLOX,Yes,No,Yes,No,Yes,Homepage+RSS+Sitemap,"Homepage contains e-edition style link(s): /eedition, /eedition/, /eedition/the-daily-athenaeum/edition_75f18c2f-bbd6-575c-a36b-4568157e106e.html | Homepage contains article-style link(s): /news, /news/university, /news/wvucuts | Homepage contains article-style content | RSS present but contains no entries | Homepage contains paywall keywords | RSS feed contains paywall hints | No notices found | Viewport meta tag present | Detected platform indicators (BLOX Digital): tncms, bloximages, townnews | Detected vendor indicators (BLOX): tncms, bloximages, townnews | Overrides applied: chain_owner",2025-12-11T15:58:31.518287,"{""Frequency"": ""Daily""}"
4772,Doddridge Independent,West Union,WV,https://www.thedoddridgeindependent.com,,200 East Main Street,Doddridge,Independent (Locally owned; Doddridge Publishing),Manual Review,Manual Review,No,Manual Review,No,No,Manual Review,None,"No paywall signals found | No notices found | No homepage HTML available | No homepage HTML available | No homepage HTML available | Homepage fetch failed: HTTPSConnectionPool(host='www.thedoddridgeindependent.com', port=443): Max retries exceeded with url: / (Caused by SSLError(SSLCertVerificationError(1, '[SSL: CERTIFICATE_VERIFY_FAILED] certificate verify failed: unable to get local issuer certificate (_ssl.c:1032)'))) | Overrides applied: chain_owner",2025-12-11T15:58:39.116482,"{""Frequency"": ""Weekly""}"
4773,The Dominion Post,Morgantown,WV,https://www.dominionpost.com,,1251 Earl L. Core Rd,Monongalia,Independent (Dominion Post Inc.; locally owned by Jack Rossi family),WordPress,Manual Review,Yes,No,Yes,Yes,Yes,Homepage+RSS,"Homepage contains e-edition style link(s): https://www.dominionpost.com/2019/10/01/e-edition/ | Homepage contains article-style link(s): https://www.dominionpost.com/submit-breaking-news-tip/, https://www.dominionpost.com/submit-news-article/, https://www.dominionpost.com/submit-sports-article/ | Homepage contains article-style content | RSS present (indicates article content) | Homepage contains paywall keywords | Homepage contains public notice keywords | RSS feed contains notice keywords | Viewport meta tag present | Detected platform indicators (WordPress): wp-content, wp-includes, wordpress, wp-json | Overrides applied: chain_owner",2025-12-11T16:02:55.597317,"{""Frequency"": ""Daily""}"
4774,The Fayette Tribune,Oak Hill,WV,https://www.fayettetribune.com,,PO Box 139,Fayette,HD Media Group (formerly CNHI; part of HD’s southern WV cluster),BLOX Digital,BLOX,Yes,No,Yes,Yes,Yes,Homepage+RSS+Sitemap,"Homepage contains e-edition style link(s): https://niagara-gazette-cnhi.newsmemory.com/?special=Explore | Homepage contains article-style link(s): /news, /news/lifestyles/, /site/submit_news | Homepage contains article-style content | RSS present but contains no entries | Homepage contains paywall keywords | RSS feed contains paywall hints | Homepage contains public notice keywords | RSS feed contains notice keywords | Viewport meta tag present | Detected platform indicators (BLOX Digital): tncms, bloximages, townnews, bloxcms | Detected vendor indicators (BLOX): tncms, bloximages, townnews, bloxcms | Overrides applied: chain_owner",2025-12-11T16:03:05.436146,"{""Frequency"": ""Monday &amp; Thursday""}"
4775,Gilbert Times,Gilbert,WV,https://www.gilberttimes.net,,PO Box 1135,Mingo,HD Media Group (same ownership as Logan Banner and Williamson Daily News),WordPress,Manual Review,No,No,No,No,Yes,Homepage+RSS+Sitemap,"Homepage contains article-style link(s): /section/news, /section/features, https://esports-canada.com/bet-on-esports-canada.html | Homepage contains article-style content | RSS present but contains no entries | No paywall signals found | No notices found | Viewport meta tag present | Detected platform indicators (WordPress): wp-content, wp-includes, wordpress, wp-json | Overrides applied: chain_owner",2025-12-11T15:58:47.561135,"{""Frequency"": ""Tuesday""}"
4776,The Glenville Democrat,Glenville,WV,https://www.glenvillenews.com,,PO Box 458,Gilmer,Independent (Glenville Newspapers Inc.),WordPress,Manual Review,No,No,Yes,Yes,Yes,Homepage+RSS,"Homepage contains article-style link(s): https://www.glenvillenews.com/, https://www.glenvillenews.com/about, https://www.glenvillenews.com/authors | Homepage contains article-style content | RSS present (indicates article content) | RSS feed contains paywall hints | RSS feed contains notice keywords | Viewport meta tag present | Detected platform indicators (WordPress): wp-content, wp-includes | Overrides applied: chain_owner",2025-12-11T16:03:08.953702,"{""Frequency"": ""Thursday""}"
4777,The Glenville Pathfinder,Glenville,WV,https://www.glenvillenews.com,,PO Box 458,Gilmer,Independent (Companion publication of Glenville Democrat),WordPress,Manual Review,No,No,Yes,Yes,Yes,Homepage+RSS,"Homepage contains article-style link(s): https://www.glenvillenews.com/, https://www.glenvillenews.com/about, https://www.glenvillenews.com/authors | Homepage contains article-style content | RSS present (indicates article content) | RSS feed contains paywall hints | RSS feed contains notice keywords | Viewport meta tag present | Detected platform indicators (WordPress): wp-content, wp-includes | Overrides applied: chain_owner",2025-12-11T16:03:12.131083,"{""Frequency"": ""Thursday""}"
4778,Grant County Press,Petersburg,WV,https://www.grantcountypress.com,,PO Box 39,Grant,Independent (Grant County Press Inc.; family-owned),Manual Review,Manual Review,No,No,Yes,Yes,Yes,Homepage+Sitemap,"Homepage contains article-style link(s): /index.php?option=com_content&view=featured&Itemid=101, /index.php?option=com_content&view=category&layout=blog&id=8&Itemid=102, /index.php?option=com_content&view=category&layout=blog&id=10&Itemid=104 | Homepage contains article-style content | Homepage contains paywall keywords | Sitemap contains subscription-related URLs | Homepage contains public notice keywords | Viewport meta tag present | Overrides applied: chain_owner",2025-12-11T15:58:53.112663,"{""Frequency"": ""Tuesday""}"
4779,The Hampshire Review,Romney,WV,https://www.hampshirereview.com,,PO Drawer 1036,Hampshire,Independent (Hampshire Review Co.; locally owned weekly),BLOX Digital,BLOX,Yes,No,Yes,Yes,Yes,Homepage+RSS+Sitemap,"Homepage contains e-edition style link(s): /eedition/, /eedition/edition_1ec3cd9c-23ef-51c2-9ce2-f9b4a0c221a1.html | Homepage contains article-style link(s): /news/, /news/local, /news/state | Homepage contains article-style content | RSS present but contains no entries | Homepage contains paywall keywords | RSS feed contains paywall hints | Homepage contains public notice keywords | RSS feed contains notice keywords | Viewport meta tag present | Detected platform indicators (BLOX Digital): tncms, bloximages, townnews, bloxcms | Detected vendor indicators (BLOX): tncms, bloximages, townnews, bloxcms | Overrides applied: chain_owner",2025-12-11T16:03:16.733500,"{""Frequency"": ""Wednesday""}"
4780,Hometown News,New Manchester,WV,N/A,,PO Box 107,Hancock,Independent (Locally owned; community weekly serving Hancock County),Manual Review,Manual Review,No,Manual Review,No,No,Manual Review,None,"No paywall signals found | No notices found | No homepage HTML available | No homepage HTML available | No homepage HTML available | Homepage fetch failed: HTTPSConnectionPool(host='n', port=443): Max retries exceeded with url: /A (Caused by NameResolutionError(""<urllib3.connection.HTTPSConnection object at 0x110c7cb90>: Failed to resolve 'n' ([Errno 8] nodename nor servname provided, or not known)"")) | Overrides applied: chain_owner",2025-12-11T15:59:01.068759,"{""Frequency"": ""Wednesday""}"
4781,The Herald-Dispatch,Huntington,WV,https://www.herald-dispatch.com,,PO Box 2017,Cabell,HD Media Group (flagship daily; HD also owns Charleston Gazette-Mail & regional weeklies),BLOX Digital,BLOX,Yes,No,Yes,Yes,Yes,Homepage+RSS+Sitemap,"Homepage contains e-edition style link(s): /eedition/, /eedition/special_section/2025-high-school-football/edition_27d0bcec-87e2-5afc-8582-33f12ce85082.html, /eedition/special_section/best-in-the-tri-state-winners-2025/edition_382c1890-d473-5bff-8591-5af7f3a50535.html | Homepage contains article-style link(s): /newsletters, /sports/high_school_gameday/, /news/ | Homepage contains article-style content | RSS present but contains no entries | Homepage contains paywall keywords | RSS feed contains paywall hints | Homepage contains public notice keywords | RSS feed contains notice keywords | Viewport meta tag present | Detected platform indicators (BLOX Digital): tncms, bloximages, townnews, bloxcms | Detected vendor indicators (BLOX): tncms, bloximages, townnews, bloxcms | Overrides applied: chain_owner",2025-12-11T16:03:21.452426,"{""Frequency"": ""Daily""}"
4782,The Herald Record,West Union,WV,https://www.theheraldrecord.com,,202 E Main St.,Doddridge,Independent (Family owned; Doddridge County Publishing),Manual Review,Manual Review,No,Manual Review,No,No,Manual Review,None,"No paywall signals found | No notices found | No homepage HTML available | No homepage HTML available | No homepage HTML available | Homepage fetch failed: HTTPSConnectionPool(host='www.theheraldrecord.com', port=443): Max retries exceeded with url: / (Caused by NewConnectionError('<urllib3.connection.HTTPSConnection object at 0x110c7f9d0>: Failed to establish a new connection: [Errno 61] Connection refused')) | Overrides applied: chain_owner",2025-12-11T16:03:26.184113,"{""Frequency"": ""Tuesday""}"
4783,The Hinton News,Hinton,WV,N/A,,PO Drawer 1000,Summers,Independent (Locally owned; Summers County weekly),Manual Review,Manual Review,No,Manual Review,No,No,Manual Review,None,"No paywall signals found | No notices found | No homepage HTML available | No homepage HTML available | No homepage HTML available | Homepage fetch failed: HTTPSConnectionPool(host='n', port=443): Max retries exceeded with url: /A (Caused by NameResolutionError(""<urllib3.connection.HTTPSConnection object at 0x110c7f750>: Failed to resolve 'n' ([Errno 8] nodename nor servname provided, or not known)"")) | Overrides applied: chain_owner",2025-12-11T16:03:28.173975,"{""Frequency"": ""Wednesday""}"
4784,The Hurricane Breeze,Hurricane,WV,https://www.hurricanebreezenews.com,,PO Box 336,Putnam,Independent (The Breeze Newspaper LLC; family owned),WordPress,Manual Review,Yes,No,Yes,Yes,Yes,Homepage+RSS+Sitemap,"Homepage contains e-edition style link(s): https://www.hurricanebreezenews.com/e-edition/ | Homepage contains article-style link(s): https://www.hurricanebreezenews.com/, https://www.hurricanebreezenews.com/e-edition/, https://www.hurricanebreezenews.com/category/news/ | Homepage contains article-style content | RSS present (indicates article content) | Homepage contains paywall keywords | RSS feed contains paywall hints | Homepage contains public notice keywords | RSS feed contains notice keywords | Viewport meta tag present | Detected platform indicators (WordPress): wp-content, wp-includes, wordpress, wp-json | Overrides applied: chain_owner",2025-12-11T16:03:32.333163,"{""Frequency"": ""Thursday""}"
4785,The Independent Herald,Pineville,WV,https://www.independentherald.com,,PO Box 100,Wyoming,HD Media Group (part of Boone/Logan/Mingo cluster),Manual Review,Manual Review,No,No,No,No,Yes,Homepage+RSS+Sitemap,Homepage contains article-style content | RSS present but contains no entries | No paywall signals found | No notices found | Viewport meta tag present | Overrides applied: chain_owner,2025-12-11T16:03:39.184315,"{""Frequency"": ""Wednesday""}"
4786,The Intelligencer,Wheeling,WV,https://www.theintelligencer.net,,1500 Main St.,Ohio,Ogden Newspapers Inc. (Wheeling-based national chain; publishes Intelligencer & News-Register),WordPress,Manual Review,Yes,No,Yes,Yes,Yes,Heuristic:Ogden+Homepage,"Found 1 PDF links on homepage | Homepage contains article-style link(s): /newslink/, https://www.theintelligencer.net/news/, https://www.theintelligencer.net/news/top-headlines/ | Homepage contains article-style content | Chain heuristic: Ogden, not PDF-only | Chain heuristic: Ogden, default Paywall=Yes | Homepage contains public notice keywords | Viewport meta tag present | Detected chain indicators (Ogden): ogdennews | Detected platform indicators (WordPress): wp-content, wp-includes, wordpress, wp-json | Overrides applied: chain_owner",2025-12-11T16:03:53.240131,"{""Frequency"": ""Daily""}"
4787,The Inter-Mountain,Elkins,WV,https://www.theintermountain.com,,PO Box 1339,Randolph,Ogden Newspapers Inc. (owned by Ogden’s Elkins division),WordPress,Manual Review,Yes,No,Yes,Yes,Yes,Heuristic:Ogden+Homepage+RSS,"Homepage contains e-edition style link(s): https://www.mynewsonthego.com/intermountain/ | Homepage contains article-style link(s): /newslink/, https://www.theintermountain.com/news/, https://www.theintermountain.com/news/local-news/ | Homepage contains article-style content | RSS present (indicates article content) | Chain heuristic: Ogden, not PDF-only | Chain heuristic: Ogden, default Paywall=Yes | Homepage contains public notice keywords | RSS feed contains notice keywords | Viewport meta tag present | Detected chain indicators (Ogden): ogdennews | Detected platform indicators (WordPress): wp-content, wp-includes, wordpress, wp-json | Overrides applied: chain_owner",2025-12-11T16:04:00.918265,"{""Frequency"": ""Daily except Sunday""}"
4788,The Jackson Herald,Ripley,WV,https://www.jacksonnewspapers.com,,PO Box 31,Jackson,Gannett Co. Inc. (Jackson Newspapers / part of USA TODAY Network),BLOX Digital,BLOX,Yes,No,Yes,Yes,Yes,Homepage,"Homepage contains e-edition style link(s): /eedition/, /jacksonnews/eedition/, /jacksonnews/eedition/jackson-herald/edition_60f21974-2faf-5ac6-97d4-23793f181fde.html | Homepage contains article-style link(s): /newsletters/, /, /bluegoldnews/ | Homepage contains article-style content | Homepage contains paywall keywords | Homepage contains public notice keywords | Viewport meta tag present | Detected platform indicators (BLOX Digital): tncms, bloximages, townnews | Detected vendor indicators (BLOX): tncms, bloximages, townnews | Homepage snapshot truncated to 500,000 characters | Overrides applied: chain_owner",2025-12-11T16:04:04.844876,"{""Frequency"": ""Wednesday &amp; Saturday""}"
4789,The Jackson Star News,Ravenswood,WV,https://www.jacksonnewspapers.com,,PO Box 10,Jackson,Gannett Co. Inc. (Jackson Newspapers / USA TODAY Network),BLOX Digital,BLOX,Yes,No,Yes,Yes,Yes,Homepage,"Homepage contains e-edition style link(s): /eedition/, /jacksonnews/eedition/, /jacksonnews/eedition/jackson-herald/edition_60f21974-2faf-5ac6-97d4-23793f181fde.html | Homepage contains article-style link(s): /newsletters/, /, /bluegoldnews/ | Homepage contains article-style content | Homepage contains paywall keywords | Homepage contains public notice keywords | Viewport meta tag present | Detected platform indicators (BLOX Digital): tncms, bloximages, townnews | Detected vendor indicators (BLOX): tncms, bloximages, townnews | Homepage snapshot truncated to 500,000 characters | Overrides applied: chain_owner",2025-12-11T16:04:08.356405,"{""Frequency"": ""Wednesday and Thursday""}"
4790,The Journal,Martinsburg,WV,https://www.journal-news.net,,PO Box 807,Berkeley,Ogden Newspapers Inc. (Journal Publishing Co.; owned by Ogden),BLOX Digital,BLOX,Yes,No,Yes,Yes,Yes,Heuristic:Ogden+Homepage+RSS+Sitemap,"Homepage contains e-edition style link(s): /eedition/shepherdstown-public-library-director-honored-with-community-service-award/article_b51974ba-ace4-5a20-8481-b70741f0bf7b.html | Homepage contains article-style link(s): https://www.journal-news.net/users/signup/?referer_url=https%3A%2F%2Fwww.journal-news.net%2F, https://www.journal-news.net/users/login/?referer_url=https%3A%2F%2Fwww.journal-news.net%2F, https://www.journal-news.net/users/admin/ | Homepage contains article-style content | RSS present but contains no entries | Chain heuristic: Ogden, not PDF-only | Chain heuristic: Ogden, default Paywall=Yes | Homepage contains public notice keywords | RSS feed contains notice keywords | Viewport meta tag present | Detected chain indicators (Ogden): ogdennews | Detected platform indicators (BLOX Digital): tncms, bloximages, townnews | Detected vendor indicators (BLOX): tncms, bloximages, townnews | Homepage snapshot truncated to 500,000 characters | Overrides applied: chain_owner",2025-12-11T16:04:12.993577,"{""Frequency"": ""Daily""}"
4791,The Lincoln News Sentinel & Lincoln Journal,Hamlin,WV,https://www.lincolnjournalinc.com,,PO Box 308,Lincoln,Independent (Lincoln Journal Inc.; family-owned),BLOX Digital,BLOX,Yes,No,Yes,Yes,Yes,Homepage+RSS+Sitemap,"Homepage contains e-edition style link(s): /eedition/, /eedition/lincoln-journal/edition_6935d104-c769-5a7c-acf4-b82ee241950b.html, /eedition_lns/ | Homepage contains article-style link(s): /sports/high_school_gameday/, /news/, https://www.lincolnjournal.com/special/southern-west-virginia-calendar/article_1c2aa7dc-15bf-5df4-8d26-a52bd86e5823.html | Homepage contains article-style content | RSS present but contains no entries | Homepage contains paywall keywords | RSS feed contains paywall hints | Homepage contains public notice keywords | RSS feed contains notice keywords | Viewport meta tag present | Detected platform indicators (BLOX Digital): tncms, bloximages, townnews, bloxcms | Detected vendor indicators (BLOX): tncms, bloximages, townnews, bloxcms | Overrides applied: chain_owner",2025-12-11T16:04:29.070324,"{""Frequency"": ""Wednesday and Saturday""}"
4792,The Logan Banner,Logan,WV,https://www.loganbanner.com,,PO Box 720,Logan,"HD Media Group (part of the southern WV cluster including Williamson, Boone and Gilbert)",BLOX Digital,BLOX,Yes,No,Yes,Yes,Yes,Homepage+RSS+Sitemap,"Homepage contains e-edition style link(s): /eedition/ | Homepage contains article-style link(s): /sports/high_school_gameday/, /news/, https://www.loganbanner.com/special/southern-west-virginia-calendar/article_8f52b27b-3769-562e-82bf-ed0d56f9f58c.html | Homepage contains article-style content | RSS present but contains no entries | Homepage contains paywall keywords | RSS feed contains paywall hints | Homepage contains public notice keywords | RSS feed contains notice keywords | Viewport meta tag present | Detected platform indicators (BLOX Digital): tncms, bloximages, townnews, bloxcms | Detected vendor indicators (BLOX): tncms, bloximages, townnews, bloxcms | Overrides applied: chain_owner",2025-12-11T16:04:33.748170,"{""Frequency"": ""Daily except Saturday and Sunday""}"
4793,Mineral Daily News-Tribune,Keyser,WV,https://www.newstribune.info,,PO Box 879,Mineral,Ogden Newspapers Inc. (Keyser-based daily owned by Ogden),Manual Review,Manual Review,No,Manual Review,No,No,Manual Review,None,"No paywall signals found | No notices found | No homepage HTML available | No homepage HTML available | No homepage HTML available | Homepage fetch failed: HTTPSConnectionPool(host='www.newstribune.info', port=443): Max retries exceeded with url: / (Caused by SSLError(SSLCertVerificationError(1, '[SSL: CERTIFICATE_VERIFY_FAILED] certificate verify failed: unable to get local issuer certificate (_ssl.c:1032)'))) | Overrides applied: chain_owner",2025-12-11T15:59:14.962909,"{""Frequency"": ""Monday through Friday""}"
4794,The Monroe Watchman,Union,WV,https://www.themonroewatchman.com,,PO Box 179,Monroe,Independent (Historic weekly founded 1872; family-operated),SquareSpace,SquareSpace,No,No,Yes,No,Yes,Homepage+Sitemap,"Homepage contains article-style link(s): /general-1-3, /general-1 | Homepage contains article-style content | Homepage contains paywall keywords | No notices found | Viewport meta tag present | Detected platform indicators (SquareSpace): squarespace, squarespace-cdn | Detected vendor indicators (SquareSpace): squarespace, squarespace-cdn | Overrides applied: chain_owner",2025-12-11T16:11:59.181303,"{""Frequency"": ""Thursday""}"
4795,The Montgomery Herald,Montgomery,WV,https://www.montgomeryherald.com,,PO Box 240,Fayette,HD Media Group (Fayette County cluster with Fayette Tribune),BLOX Digital,BLOX,Yes,No,Yes,Yes,Yes,Homepage+RSS+Sitemap,"Homepage contains e-edition style link(s): /eedition, /eedition/, /eedition/edition_b5279563-4678-54e5-b485-218e4bef482d.html | Homepage contains article-style link(s): /news, /news/top_stories/, /news/sheriffs_reports/ | Homepage contains article-style content | RSS present but contains no entries | Homepage contains paywall keywords | RSS feed contains paywall hints | Homepage contains public notice keywords | RSS feed contains notice keywords | Viewport meta tag present | Detected platform indicators (BLOX Digital): tncms, bloximages, townnews, bloxcms | Detected vendor indicators (BLOX): tncms, bloximages, townnews, bloxcms | Overrides applied: chain_owner",2025-12-11T16:21:24.133738,"{""Frequency"": ""Wednesday""}"
4796,The Moorefield Examiner,Moorefield,WV,https://www.moorefieldexaminer.com,,PO Box 380,Hardy,Independent (Hardy County Publishing Co.; family-owned),WordPress,Manual Review,Yes,No,Yes,Yes,Yes,Homepage+RSS+Sitemap,"Homepage contains e-edition style link(s): https://moorefieldexaminer.com/2025/12/09/moorefield-examiner-eedition-december-10-2025/ | Homepage contains article-style link(s): https://mountainmedianews.com, https://moorefieldexaminer.com/category/sports/, https://moorefieldexaminer.com/category/breaking-news/ | Homepage contains article-style content | RSS present (indicates article content) | Homepage contains paywall keywords | RSS feed contains paywall hints | Homepage contains public notice keywords | RSS feed contains notice keywords | Viewport meta tag present | Detected platform indicators (WordPress): wp-content, wp-includes, wordpress, wp-json | Overrides applied: chain_owner",2025-12-11T16:04:51.828834,"{""Frequency"": ""Wednesday""}"
4797,The Morgan Messenger,Berkeley Springs,WV,https://www.morganmessenger.com,,PO Box 567,Morgan,Independent (Tri-State Publications Inc.; same owners as Hancock News MD),WordPress,Manual Review,Yes,No,Yes,Yes,Yes,Homepage+RSS+Sitemap,"Homepage contains e-edition style link(s): https://www.morganmessenger.com/2023/04/17/state-postpones-tuesday-hearing-on-cacapon-rv-proposals/, https://www.morganmessenger.com/e-paper/ | Homepage contains article-style link(s): https://www.morganmessenger.com/category/news/, https://www.morganmessenger.com/category/sports/, https://www.morganmessenger.com/category/school-news/ | Homepage contains article-style content | RSS present (indicates article content) | Homepage contains paywall keywords | RSS feed contains paywall hints | Homepage contains public notice keywords | RSS feed contains notice keywords | Viewport meta tag present | Detected platform indicators (WordPress): wp-content, wp-includes, wordpress, wp-json | Overrides applied: chain_owner",2025-12-11T16:04:56.044947,"{""Frequency"": ""Wednesday""}"
4798,Moundsville Echo,Moundsville,WV,mailto:mdsvecho@gmail.com,,PO Box 369,Marshall,Independent (Locally owned; small weekly publication),Manual Review,Manual Review,No,No,No,No,Yes,Homepage,"No paywall signals found | No notices found | Viewport meta tag present | Homepage snapshot truncated to 500,000 characters | Overrides applied: chain_owner",2025-12-11T15:59:23.558515,"{""Frequency"": ""Thursday""}"
4799,Mingo Messenger,Williamson,WV,http://www.mingomessenger.com,,84 East 3rd Avenue Suite 11,Mingo,Independent (Local digital/print startup unaffiliated with HD Media),BLOX Digital,BLOX,Yes,No,Yes,Yes,Yes,Homepage+RSS+Sitemap,"Homepage contains e-edition style link(s): /eedition/, /magazines/ | Homepage contains article-style link(s): /news/, /sports/, /sports_photos/ | Homepage contains article-style content | RSS present but contains no entries | Homepage contains paywall keywords | RSS feed contains paywall hints | Homepage contains public notice keywords | RSS feed contains notice keywords | Viewport meta tag present | Detected platform indicators (BLOX Digital): tncms, bloximages, townnews, bloxcms | Detected vendor indicators (BLOX): tncms, bloximages, townnews, bloxcms | Overrides applied: chain_owner",2025-12-11T15:59:20.239778,"{""Frequency"": ""Friday""}"
4800,Mountain Messenger,Lewisburg,WV,https://mountainmessenger.com,,PO Box 429,Greenbrier,Mountain Media LLC (local community weekly group),WordPress,Manual Review,No,No,Yes,Yes,Yes,Homepage+RSS+Sitemap,"Homepage contains article-style link(s): https://mountainmedianews.com, https://mountainmedianews.com/mm/west-virginia/, https://mountainmedianews.com/mm/national/ | Homepage contains article-style content | RSS present (indicates article content) | Homepage contains paywall keywords | Homepage contains public notice keywords | RSS feed contains notice keywords | Viewport meta tag present | Detected platform indicators (WordPress): wp-content, wp-includes, wordpress, wp-json | Overrides applied: chain_owner",2025-12-11T15:59:30.509335,"{""Frequency"": ""Saturday""}"
4801,The Mountain Statesman,Grafton,WV,https://www.mountainstatesman.com,,PO Box 218,Taylor,NCWV Media (formerly News Media Corp. now part of WV News),BLOX Digital,BLOX,Yes,No,Yes,Yes,Yes,Homepage,"Homepage contains e-edition style link(s): /eedition/, /mountainstatesman/eedition/, /mountainstatesman/eedition/mountain-statesman/edition_1e58a9d2-f5ed-5dc8-ba25-5563711763a1.html | Homepage contains article-style link(s): /newsletters/, /, /bluegoldnews/ | Homepage contains article-style content | Homepage contains paywall keywords | Homepage contains public notice keywords | Viewport meta tag present | Detected platform indicators (BLOX Digital): tncms, bloximages, townnews | Detected vendor indicators (BLOX): tncms, bloximages, townnews | Homepage snapshot truncated to 500,000 characters | Overrides applied: chain_owner",2025-12-11T16:04:59.729375,"{""Frequency"": ""Monday, Wednesday, &amp; Friday""}"
4802,The Nicholas Chronicle,Summersville,WV,https://www.nicholaschronicle.com,,PO Box 503,Nicholas,Nicholas County Publishing Co. (locally owned family weekly),Custom,Ramco Technologies Online,Yes,No,Yes,Yes,No,Homepage,"Homepage contains paywall keywords | Homepage contains public notice keywords | No responsive indicators | Overrides applied: chain_owner, cms_platform, cms_vendor, has_pdf",2025-12-11T16:05:03.734934,"{""Frequency"": ""Thursday""}"
4803,The Parkersburg News & Sentinel,Parkersburg,WV,https://www.newsandsentinel.com,,PO Box 1787,Wood,Ogden Newspapers Inc. (major WV/Oh Valley chain),WordPress,Manual Review,Yes,No,Yes,Yes,Yes,Heuristic:Ogden+Homepage,"Homepage contains e-edition style link(s): https://mynewsonthego.com/newsandsent/ | Homepage contains article-style link(s): /newslink/, /, https://www.newsandsentinel.com/news/ | Homepage contains article-style content | Chain heuristic: Ogden, not PDF-only | Chain heuristic: Ogden, default Paywall=Yes | Homepage contains public notice keywords | Viewport meta tag present | Detected chain indicators (Ogden): ogdennews | Detected platform indicators (WordPress): wp-content, wp-includes, wordpress, wp-json | Overrides applied: chain_owner",2025-12-11T16:05:44.486902,"{""Frequency"": ""Daily""}"
4804,The Parsons Advocate,Parsons,WV,https://www.parsonsadvocate.com,,212 Main St.,Tucker,Mountain Media LLC (community weekly group),WordPress,Manual Review,Yes,No,Yes,Yes,Yes,Homepage+RSS+Sitemap,"Homepage contains article-style link(s): https://mountainmedianews.com, https://mountainmedianews.com/mm/national/, https://mountainmedianews.com/mm/west-virginia/ | Homepage contains article-style content | RSS present (indicates article content) | Homepage contains paywall keywords | Homepage contains public notice keywords | RSS feed contains notice keywords | Viewport meta tag present | Detected platform indicators (WordPress): wp-content, wp-includes, wordpress, wp-json | Overrides applied: chain_owner, has_pdf",2025-12-11T16:25:26.730361,"{""Frequency"": ""Wednesday""}"
4805,The Parthenon,Huntington,WV,https://www.marshallparthenon.com,,109 Communications Building – 1 John Marshall Dr,Wayne,Marshall University Student Media (university-owned),WordPress,Manual Review,No,No,Yes,No,Yes,Homepage+RSS+Sitemap,"Homepage contains article-style link(s): https://marshallparthenon.com/40964/news/giving-new-life-to-an-old-gem/, https://marshallparthenon.com/40972/sports/from-playing-for-the-herd-to-protecting-the-herd/, https://marshallparthenon.com/40949/news/amicus-curiae-series-awaiting-grant-funding/ | Homepage contains article-style content | RSS present (indicates article content) | Homepage contains paywall keywords | No notices found | Viewport meta tag present | Detected platform indicators (WordPress): wp-content, wp-includes, wordpress, wp-json | Overrides applied: chain_owner",2025-12-11T16:06:02.701719,"{""Frequency"": ""Tuesday- Friday""}"
4806,The Pendleton Times,Franklin,WV,https://www.pendletontimes.com,,PO Box 906,Pendleton,Mountain Media LLC (community weekly group),WordPress,Manual Review,No,No,Yes,Yes,Yes,Homepage+RSS+Sitemap,"Homepage contains article-style link(s): https://mountainmedianews.com/, https://pendletontimes.com/category/content/sports/, https://mountainmedianews.com/mm/west-virginia/ | Homepage contains article-style content | RSS present (indicates article content) | Homepage contains paywall keywords | RSS feed contains paywall hints | Homepage contains public notice keywords | Viewport meta tag present | Detected platform indicators (WordPress): wp-content, wp-includes, wordpress, wp-json | Overrides applied: chain_owner",2025-12-11T16:06:13.579107,"{""Frequency"": ""Thursday""}"
4807,The Pennsboro News,Pennsboro,WV,https://www.ritchiecountynews.com,,PO Box 368,Ritchie,Independent (local weekly; Ritchie County Publishing),WordPress,Websites For Newspapers,Yes,Yes,Yes,Yes,Yes,Homepage+RSS+Sitemap,"Homepage contains e-edition style link(s): https://2213.newstogo.us/editionviewer/default.aspx?Publication=9d0b36e2-7e68-472a-a5d1-b9aaa741c288 | Homepage contains article-style link(s): https://www.ritchiecountynews.com/contact-us/, https://2213.newstogo.us/editionviewer/default.aspx?Publication=9d0b36e2-7e68-472a-a5d1-b9aaa741c288, https://2213.newstogo.us/editionviewer/default.aspx?Publication=9d0b36e2-7e68-472a-a5d1-b9aaa741c288&view=subscribe | Homepage contains article-style content | RSS present (indicates article content) | Homepage contains paywall keywords | RSS feed contains notice keywords | Viewport meta tag present | Detected platform indicators (WordPress): wp-content, wp-includes, wp-json | Detected vendor indicators (Websites For Newspapers): websitesfornewspapers | Overrides applied: chain_owner, pdf_only",2025-12-11T16:13:01.390951,"{""Frequency"": ""Wednesday""}"
4808,The Pocahontas Times,Marlinton,WV,https://www.pocahontastimes.com,,206 Eighth St,Pocahontas,The Pocahontas Times Inc. (locally owned heritage weekly),WordPress,Manual Review,Yes,No,Yes,Yes,Yes,Homepage+RSS+Sitemap,"Homepage contains e-edition style link(s): https://pocahontastimes.com/category/mountain-times/compass-eedition/ | Homepage contains article-style link(s): https://mountainmedianews.com, https://mountainmedianews.com/category/local-stories/national-news/, https://mountainmedianews.com/category/local-stories/wv-state-news/ | Homepage contains article-style content | RSS present (indicates article content) | Homepage contains paywall keywords | RSS feed contains paywall hints | Homepage contains public notice keywords | RSS feed contains notice keywords | Viewport meta tag present | Detected platform indicators (WordPress): wp-content, wp-includes, wordpress, wp-json | Overrides applied: chain_owner",2025-12-11T16:06:26.470492,"{""Frequency"": ""Thursday""}"
4809,River Cities Tribune and Register,Point Pleasant,WV,https://www.newsandsentinel.com/tribune,,510 Main St.,Mason,Ogden Newspapers Inc. (owns Point Pleasant daily/weekly),Manual Review,Manual Review,No,Manual Review,No,No,Manual Review,None,No paywall signals found | No notices found | No homepage HTML available | No homepage HTML available | No homepage HTML available | Homepage fetch returned HTTP 404 | Overrides applied: chain_owner,2025-12-11T16:00:38.851982,"{""Frequency"": ""Day previous""}"
4810,Preston County Journal,Kingwood,WV,https://www.wvnews.com/prestoncountynews,,PO Box 587,Preston,Independent (locally owned weekly; published under Preston County News umbrella),BLOX Digital,BLOX,Yes,No,Yes,Yes,Yes,Homepage+RSS,"Homepage contains e-edition style link(s): /eedition/, /newsfeed/us/time-magazine-names-architects-of-ai-as-its-person-of-the-year-for-2025/article_7aaba78f-3182-512c-b867-0b688262e9a1.html, /prestoncountynews/eedition/ | Homepage contains article-style link(s): /newsletters/, /, /bluegoldnews/ | Homepage contains article-style content | RSS present but contains no entries | Homepage contains paywall keywords | RSS feed contains paywall hints | Homepage contains public notice keywords | RSS feed contains notice keywords | Viewport meta tag present | Detected platform indicators (BLOX Digital): tncms, bloximages, townnews, bloxcms | Detected vendor indicators (BLOX): tncms, bloximages, townnews, bloxcms | Homepage snapshot truncated to 500,000 characters | Overrides applied: chain_owner",2025-12-11T15:59:36.741696,"{""Frequency"": ""Wednesday""}"
4811,Preston County News,Kingwood,WV,https://www.wvnews.com/prestoncountynews,,PO Box 587,Preston,WV News (part of WV News/NCWV Media regional group),BLOX Digital,BLOX,Yes,No,Yes,Yes,Yes,Homepage+RSS,"Homepage contains e-edition style link(s): /eedition/, /newsfeed/us/time-magazine-names-architects-of-ai-as-its-person-of-the-year-for-2025/article_7aaba78f-3182-512c-b867-0b688262e9a1.html, /prestoncountynews/eedition/ | Homepage contains article-style link(s): /newsletters/, /, /bluegoldnews/ | Homepage contains article-style content | RSS present but contains no entries | Homepage contains paywall keywords | RSS feed contains paywall hints | Homepage contains public notice keywords | RSS feed contains notice keywords | Viewport meta tag present | Detected platform indicators (BLOX Digital): tncms, bloximages, townnews, bloxcms | Detected vendor indicators (BLOX): tncms, bloximages, townnews, bloxcms | Homepage snapshot truncated to 500,000 characters | Overrides applied: chain_owner",2025-12-11T15:59:40.846713,"{""Frequency"": ""Saturday""}"
4812,Princeton Times,Princeton,WV,http://www.ptonline.net,,PO Box 1199,Mercer,Ogden Newspapers Inc. (Princeton Times Co.),BLOX Digital,BLOX,Yes,No,Yes,Yes,Yes,Homepage+RSS+Sitemap,"Found 1 PDF links on homepage | Homepage contains article-style link(s): /news/, /news/local_news/, /news/lifestyles/ | Homepage contains article-style content | RSS present but contains no entries | Homepage contains paywall keywords | RSS feed contains paywall hints | Homepage contains public notice keywords | RSS feed contains notice keywords | Viewport meta tag present | Detected platform indicators (BLOX Digital): tncms, bloximages, townnews, bloxcms | Detected vendor indicators (BLOX): tncms, bloximages, townnews, bloxcms | Overrides applied: chain_owner",2025-12-11T15:59:46.910589,"{""Frequency"": ""Friday""}"
4813,Record – Delta,Buckhannon,WV,https://www.therecorddelta.com,,PO Box 550,Upshur,News Media Corporation (semi-weekly daily group),BLOX Digital,BLOX,Yes,No,Yes,Yes,Yes,Homepage,"Homepage contains e-edition style link(s): /eedition/, /recorddelta/eedition/, /recorddelta/eedition/record-delta/edition_dc62a037-157c-5da3-9e13-0e12ae8decd7.html | Homepage contains article-style link(s): /newsletters/, /, /bluegoldnews/ | Homepage contains article-style content | Homepage contains paywall keywords | Homepage contains public notice keywords | Viewport meta tag present | Detected platform indicators (BLOX Digital): tncms, bloximages, townnews | Detected vendor indicators (BLOX): tncms, bloximages, townnews | Homepage snapshot truncated to 500,000 characters | Overrides applied: chain_owner",2025-12-11T15:59:50.536169,"{""Frequency"": ""Monday, Wednesday, &amp; Friday""}"
4814,The Register-Herald,Beckley,WV,https://www.register-herald.com,,PO Box 801,Raleigh,Community Newspaper Holdings Inc. (CNHI),BLOX Digital,BLOX,Yes,No,Yes,Yes,Yes,Homepage+RSS+Sitemap,"Homepage contains e-edition style link(s): /e-edition, /e-edition/, https://niagara-gazette-cnhi.newsmemory.com/?special=Explore | Homepage contains article-style link(s): https://visitor.r20.constantcontact.com/d.jsp?llr=yzoml49ab&p=oi&m=1128481045304&sit=7g8vgcwlb&f=22f56e73-27be-4c5b-a29e-59302efb08ac, https://niagara-gazette-cnhi.newsmemory.com/?special=Explore, /news/ | Homepage contains article-style content | RSS present but contains no entries | Homepage contains paywall keywords | RSS feed contains paywall hints | Homepage contains public notice keywords | RSS feed contains notice keywords | Viewport meta tag present | Detected platform indicators (BLOX Digital): tncms, bloximages, townnews, bloxcms | Detected vendor indicators (BLOX): tncms, bloximages, townnews, bloxcms | Homepage snapshot truncated to 500,000 characters | Overrides applied: chain_owner",2025-12-11T16:06:30.818848,"{""Frequency"": ""Daily""}"
4815,Ritchie Gazette,Harrisville,WV,N/A,,PO Box 215,Ritchie,Independent (locally owned weekly),Manual Review,Manual Review,No,Manual Review,No,No,Manual Review,None,"No paywall signals found | No notices found | No homepage HTML available | No homepage HTML available | No homepage HTML available | Homepage fetch failed: HTTPSConnectionPool(host='n', port=443): Max retries exceeded with url: /A (Caused by NameResolutionError(""<urllib3.connection.HTTPSConnection object at 0x110c7d950>: Failed to resolve 'n' ([Errno 8] nodename nor servname provided, or not known)"")) | Overrides applied: chain_owner",2025-12-11T16:00:02.897928,"{""Frequency"": ""Thursday""}"
4816,Shepherdstown Chronicle,Shepherdstown,WV,https://www.shepherdstownchronicle.com,,PO Box 2088,Jefferson,Independent (Shepherdstown Chronicle LLC),WordPress,Manual Review,No,No,No,Yes,Yes,Homepage,"Homepage contains article-style link(s): https://www.shepherdstownchronicle.com/news/, https://www.shepherdstownchronicle.com/news/local-news/, https://www.shepherdstownchronicle.com/news/county-news/ | Homepage contains article-style content | No paywall signals found | Homepage contains public notice keywords | Viewport meta tag present | Detected platform indicators (WordPress): wp-content, wp-includes, wordpress, wp-json | Overrides applied: chain_owner",2025-12-11T16:00:50.716923,"{""Frequency"": ""Friday""}"
4817,Shinnston News & Journal,Shinnston,WV,https://shinnstonnews.com,,PO Box 187,Harrison,Harrison County Publishing Co. / Mountain Media LLC (regional weekly operator),WordPress,Manual Review,Yes,No,Yes,Yes,Yes,Homepage+RSS+Sitemap,"Homepage contains e-edition style link(s): https://shinnstonnews.com/category/e-edition/ | Homepage contains article-style link(s): https://mountainmedianews.com, https://shinnstonnews.com/subscribe, https://shinnstonnews.com/category/e-edition/ | Homepage contains article-style content | RSS present (indicates article content) | Homepage contains paywall keywords | RSS feed contains paywall hints | Homepage contains public notice keywords | Viewport meta tag present | Detected platform indicators (WordPress): wp-content, wp-includes, wordpress, wp-json | Overrides applied: chain_owner",2025-12-11T16:00:58.783881,"{""Frequency"": ""Thursday""}"
4818,The Spirit of Jefferson Advocate,Charles Town,WV,https://www.spiritofjefferson.com,,PO Box 966,Jefferson,Independent (locally owned heritage weekly),BLOX Digital,BLOX,Yes,No,Yes,Yes,Yes,Homepage+RSS+Sitemap,"Homepage contains e-edition style link(s): /eedition/edition_50042bd2-7a35-5803-897e-c6a3512c0333.html, https://www.spiritofjefferson.com/eedition/ | Homepage contains article-style link(s): https://www.spiritofjefferson.com/news/local/, https://www.spiritofjefferson.com/news/state/, https://www.spiritofjefferson.com/sports/ | Homepage contains article-style content | RSS present but contains no entries | Homepage contains paywall keywords | RSS feed contains paywall hints | Homepage contains public notice keywords | RSS feed contains notice keywords | Viewport meta tag present | Detected platform indicators (BLOX Digital): tncms, bloximages, townnews, bloxcms | Detected vendor indicators (BLOX): tncms, bloximages, townnews, bloxcms | Overrides applied: chain_owner",2025-12-11T16:06:34.085327,"{""Frequency"": ""Thursday""}"
4819,St. Mary’s Oracle,St. Marys,WV,https://www.oracleandleader.com,,PO Box 27,Pleasants,West Central Publishing Inc. (local chain),WordPress,Websites For Newspapers,Yes,No,Yes,No,Yes,Homepage+RSS+Sitemap,"Homepage contains e-edition style link(s): https://2202.newstogo.us/editionviewer/default.aspx?Publication=a82fc50d-794c-4b52-a545-9687c0b08485 | Homepage contains article-style link(s): https://2202.newstogo.us/editionviewer/default.aspx?Publication=a82fc50d-794c-4b52-a545-9687c0b08485, https://2202.newstogo.us/editionviewer/default.aspx?Publication=a82fc50d-794c-4b52-a545-9687c0b08485&view=subscribe, https://2202.newstogo.us/editionviewer/default.aspx?Publication=a82fc50d-794c-4b52-a545-9687c0b08485&view=archives | Homepage contains article-style content | RSS present but contains no entries | Homepage contains paywall keywords | No notices found | Viewport meta tag present | Detected platform indicators (WordPress): wp-content, wp-includes, wp-json | Detected vendor indicators (Websites For Newspapers): websitesfornewspapers | Overrides applied: chain_owner",2025-12-11T16:01:53.605550,"{""Frequency"": ""Wednesday and Saturday""}"
4820,The Times Record & Roane County Reporter,Spencer,WV,https://www.thetimesrecord.net,,210 E Main St,Roane,Independent (Roane Publishing Co.; family-owned weekly pair serving Roane County),BLOX Digital,BLOX,Yes,No,Yes,Yes,Yes,Homepage,"Homepage contains e-edition style link(s): /eedition/, /newsfeed/us/time-magazine-names-architects-of-ai-as-its-person-of-the-year-for-2025/article_7aaba78f-3182-512c-b867-0b688262e9a1.html, /spencernews/eedition/ | Homepage contains article-style link(s): /newsletters/, /, /bluegoldnews/ | Homepage contains article-style content | Homepage contains paywall keywords | Homepage contains public notice keywords | Viewport meta tag present | Detected platform indicators (BLOX Digital): tncms, bloximages, townnews | Detected vendor indicators (BLOX): tncms, bloximages, townnews | Homepage snapshot truncated to 500,000 characters | Overrides applied: chain_owner",2025-12-11T16:07:07.969461,"{""Frequency"": ""Thursday""}"
4821,The Times West Virginian,Fairmont,WV,https://www.timeswv.com,,PO Box 2530,Marion,Community Newspaper Holdings Inc. (CNHI),BLOX Digital,BLOX,Yes,No,Yes,Yes,Yes,Homepage+RSS+Sitemap,"Homepage contains e-edition style link(s): /e-edition, http://timeswv.cnhi.newsmemory.com/, https://niagara-gazette-cnhi.newsmemory.com/?special=Explore | Homepage contains article-style link(s): https://visitor.r20.constantcontact.com/d.jsp?llr=h9oml49ab&p=oi&m=1128481045319&sit=fcawgcwlb&f=5c17dbe1-1f1c-4bd9-8f42-f7311cd1a3ea, /news/, /news/local_news/ | Homepage contains article-style content | RSS present but contains no entries | Homepage contains paywall keywords | RSS feed contains paywall hints | Homepage contains public notice keywords | RSS feed contains notice keywords | Viewport meta tag present | Detected platform indicators (BLOX Digital): tncms, bloximages, townnews, bloxcms | Detected vendor indicators (BLOX): tncms, bloximages, townnews, bloxcms | Homepage snapshot truncated to 500,000 characters | Overrides applied: chain_owner",2025-12-11T16:07:13.856495,"{""Frequency"": ""Daily""}"
4822,Tyler Star News,Sistersville,WV,https://www.tylerstarnews.com,,PO Box 191,Tyler,"Tyler-Wetzel Newspapers, Inc.",WordPress,Unknown,No,No,Yes,Yes,Yes,Heuristic:Ogden+Homepage,"Homepage contains article-style link(s): /, https://www.tylerstarnews.com/news/, https://www.tylerstarnews.com/news/local-news/ | Homepage contains article-style content | Chain heuristic: Ogden, not PDF-only | Chain heuristic: Ogden, default Paywall=Yes | Homepage contains public notice keywords | Viewport meta tag present | Detected chain indicators (Ogden): ogdennews | Detected platform indicators (WordPress): wp-content, wp-includes, wordpress, wp-json | Overrides applied: chain_owner, cms_vendor",2025-12-11T16:07:30.187788,"{""Frequency"": ""Wednesday""}"
4823,Wayne County News,Wayne,WV,https://www.waynecountynews.com,,310 Central Ave,Wayne,HD Media Group (part of southern WV cluster including Logan Banner and Herald-Dispatch),BLOX Digital,BLOX,Yes,No,Yes,Yes,Yes,Homepage+RSS+Sitemap,"Homepage contains e-edition style link(s): /eedition, /eedition/, /eedition/wayne-county-news/edition_baf31b5a-d07b-5804-8989-7c345171ca28.html | Homepage contains article-style link(s): https://heralddispatch.newzware.com/ss70v2/huntin02/common/template.jsp?nwmodule=sso&init=nonsub&nwpage=sso&rpage=https%3A%2F%2Fwww.waynecountynews.com%2Ftncms%2Fauth%2Fbegin%2F%3Fprovider%3DNewzware%26return%3Dhttps%253A%252F%252Fwww.waynecountynews.com%252F, https://www.waynecountynews.com/users/login/?referer_url=https%3A%2F%2Fwww.waynecountynews.com%2F, https://www.waynecountynews.com/users/admin/ | Homepage contains article-style content | RSS present but contains no entries | Homepage contains paywall keywords | RSS feed contains paywall hints | Homepage contains public notice keywords | RSS feed contains notice keywords | Viewport meta tag present | Detected platform indicators (BLOX Digital): tncms, bloximages, townnews, bloxcms | Detected vendor indicators (BLOX): tncms, bloximages, townnews, bloxcms | Overrides applied: chain_owner",2025-12-11T16:07:34.961939,"{""Frequency"": ""Wednesday""}"
4824,The Webster Echo & Republican,Webster Springs,WV,https://www.wvecho.com,,PO Box 749,Webster,Webster Publishing Co.,BLOX Digital,BLOX,Yes,No,Yes,Yes,Yes,Homepage+RSS+Sitemap,"Homepage contains e-edition style link(s): /eedition, /eedition/, /eedition/webster-echo/edition_9be773f8-39c2-5469-8eec-6e87838ce016.html | Homepage contains article-style link(s): /news, /sports, /sports/larry-case-who-are-the-real-conservationists/article_905bfefa-55ea-4ade-beb6-ee3738a937c5.html | Homepage contains article-style content | RSS present but contains no entries | Homepage contains paywall keywords | RSS feed contains paywall hints | Homepage contains public notice keywords | RSS feed contains notice keywords | Viewport meta tag present | Detected platform indicators (BLOX Digital): tncms, bloximages, townnews, bloxcms | Detected vendor indicators (BLOX): tncms, bloximages, townnews, bloxcms | Overrides applied: chain_owner",2025-12-11T16:14:24.004484,"{""Frequency"": ""Wednesday""}"
4825,The Welch News,Welch,WV,,,125 Wyoming St,McDowell,Independent (closed 2023),,,,,,,,,Overrides applied: chain_owner,2025-12-11T16:18:27.344856,"{""Frequency"": ""Monday, Wednesday, Friday""}"
4826,The Weston Democrat,Weston,WV,https://www.westondemocrat.com,,PO Box 968,Lewis,NCWV Media (WV News regional group),BLOX Digital,BLOX,Yes,No,Yes,Yes,Yes,Homepage,"Homepage contains e-edition style link(s): /eedition/, /newsfeed/us/time-magazine-names-architects-of-ai-as-its-person-of-the-year-for-2025/article_7aaba78f-3182-512c-b867-0b688262e9a1.html, /theet/special/blue-gold-news-magazine/edition_8c5363af-f6b4-5379-a7b2-d4f92eb8f047.html | Homepage contains article-style link(s): /newsletters/, /, /bluegoldnews/ | Homepage contains article-style content | Homepage contains paywall keywords | Homepage contains public notice keywords | Viewport meta tag present | Detected platform indicators (BLOX Digital): tncms, bloximages, townnews | Detected vendor indicators (BLOX): tncms, bloximages, townnews | Homepage snapshot truncated to 500,000 characters | Overrides applied: chain_owner",2025-12-11T16:07:21.381085,"{""Frequency"": ""Wednesday""}"
4827,Weirton Daily Times,Weirton,WV,https://www.weirtondailytimes.com,,114 Lee Ave,Hancock,Ogden Newspapers Inc.,WordPress,Manual Review,Yes,No,Yes,Yes,Yes,Heuristic:Ogden+Homepage,"Homepage contains e-edition style link(s): https://www.mynewsonthego.com/weirton/ | Homepage contains article-style link(s): /newslink/, https://www.weirtondailytimes.com/news/, https://www.weirtondailytimes.com/news/local-news/ | Homepage contains article-style content | Chain heuristic: Ogden, not PDF-only | Chain heuristic: Ogden, default Paywall=Yes | Homepage contains public notice keywords | Viewport meta tag present | Detected chain indicators (Ogden): ogdennews | Detected platform indicators (WordPress): wp-content, wp-includes, wordpress, wp-json | Overrides applied: chain_owner",2025-12-11T16:07:45.978097,"{""Frequency"": ""Daily except Sunday""}"
4828,West Virginia Daily News,Lewisburg,WV,https://www.wvdailynews.net,,PO Box 471,Greenbrier,Greenbrier Valley Publishing Co. (Independent; owns West Virginia Daily News & Monroe Watchman),WordPress,NewsPack,Yes,No,Yes,Yes,Yes,Homepage+RSS+Sitemap,"Homepage contains e-edition style link(s): https://wvdn.com/edition/?issue=wvdn-12092025 | Homepage contains article-style link(s): https://www.facebook.com/wvdailynews/, https://twitter.com/wvdailynews, https://instagram.com/wvdailynews | Homepage contains article-style content | RSS present but contains no entries | Homepage contains paywall keywords | RSS feed contains paywall hints | Homepage contains public notice keywords | RSS feed contains notice keywords | Viewport meta tag present | Detected platform indicators (WordPress): wp-content, wp-includes, wordpress, wp-json | Detected vendor indicators (NewsPack): wpengine | Overrides applied: chain_owner",2025-12-11T16:28:29.768060,"{""Frequency"": ""Monday through Friday""}"
4829,Wetzel Chronicle,New Martinsville,WV,https://www.wetzelchronicle.com,,PO Box 289,Wetzel,Ogden Newspapers Inc. (NC WV cluster with Tyler Star News and Intelligencer),WordPress,Manual Review,No,No,Yes,Yes,Yes,Heuristic:Ogden+Homepage,"Homepage contains article-style link(s): https://www.wetzelchronicle.com/news/, https://www.wetzelchronicle.com/news/local-headlines/, https://www.wetzelchronicle.com/news/society/ | Homepage contains article-style content | Chain heuristic: Ogden, not PDF-only | Chain heuristic: Ogden, default Paywall=Yes | Homepage contains public notice keywords | Viewport meta tag present | Detected chain indicators (Ogden): ogdennews | Detected platform indicators (WordPress): wp-content, wp-includes, wordpress, wp-json | Overrides applied: chain_owner",2025-12-11T16:08:11.066955,"{""Frequency"": ""Wednesday""}"
4830,Wheeling News-Register,Wheeling,WV,https://www.theintelligencer.net,,1500 Main St,Ohio,"Wheeling Newspapers, Inc.",WordPress,Unknown,Yes,No,Yes,Yes,Yes,Heuristic:Ogden+Homepage,"Found 1 PDF links on homepage | Homepage contains article-style link(s): /newslink/, https://www.theintelligencer.net/news/, https://www.theintelligencer.net/news/top-headlines/ | Homepage contains article-style content | Chain heuristic: Ogden, not PDF-only | Chain heuristic: Ogden, default Paywall=Yes | Homepage contains public notice keywords | Viewport meta tag present | Detected chain indicators (Ogden): ogdennews | Detected platform indicators (WordPress): wp-content, wp-includes, wordpress, wp-json | Overrides applied: chain_owner, cms_vendor",2025-12-11T16:09:11.829032,"{""Frequency"": ""Daily""}"
4831,Williamson Daily News,Williamson,WV,https://www.williamsondailynews.com,,PO Box 1660,Mingo,HD Media Group (regional chain covering southern WV including Logan Banner and Wayne County News),BLOX Digital,BLOX,Yes,No,Yes,Yes,Yes,Homepage+RSS+Sitemap,"Homepage contains e-edition style link(s): /eedition/ | Homepage contains article-style link(s): https://heralddispatch.newzware.com/ss70v2/huntin02/common/template.jsp?nwmodule=sso&init=nonsub&nwpage=sso&rpage=https%3A%2F%2Fwww.williamsondailynews.com%2Ftncms%2Fauth%2Fbegin%2F%3Fprovider%3DNewzware%26return%3Dhttps%253A%252F%252Fwww.williamsondailynews.com%252F, https://www.williamsondailynews.com/users/login/?referer_url=https%3A%2F%2Fwww.williamsondailynews.com%2F, https://www.williamsondailynews.com/users/admin/ | Homepage contains article-style content | RSS present but contains no entries | Homepage contains paywall keywords | RSS feed contains paywall hints | Homepage contains public notice keywords | RSS feed contains notice keywords | Viewport meta tag present | Detected platform indicators (BLOX Digital): tncms, bloximages, townnews, bloxcms | Detected vendor indicators (BLOX): tncms, bloximages, townnews, bloxcms | Overrides applied: chain_owner",2025-12-11T16:08:17.754403,"{""Frequency"": ""Daily""}"
